,stage,match,gameday,time,stadium,home_score,away_score,weather,temperature,humidity,y
1,100,1,16,1404,19694,1,0,500,3.8,0.66,18250
2,100,1,16,1404,40000,1,0,600,12.4,0.43,24316
3,100,1,16,1404,21000,2,3,600,11.3,0.41,17066
4,100,1,16,1406,50000,1,0,700,11.4,0.52,29603
5,100,1,16,1404,39232,0,0,600,22.5,0.32,25353
6,100,1,16,1405,24490,0,0,600,14.5,0.33,11283
7,100,1,16,1705,26530,1,0,700,7.1,0.65,18920
8,100,1,16,1904,15600,0,1,700,9.2,0.57,11437
9,100,1,17,1404,15349,3,3,600,12.1,0.46,13082
10,100,2,16,1404,40728,0,1,500,13.3,0.86,19010
11,100,2,16,1404,63700,1,0,500,7.2,0.79,41069
12,100,2,16,1403,72327,0,2,500,6.4,0.8,19488
13,100,2,16,1403,42300,1,2,500,11,0.68,26294
14,100,2,16,1404,47816,2,1,700,17.1,0.7,30764
15,100,2,16,1504,20281,2,1,500,11.5,0.95,13231
16,100,2,16,1704,15165,2,1,500,15.1,0.95,10653
17,100,2,16,1706,30132,2,1,600,17.2,0.7,14036
18,100,2,16,1904,49970,3,2,500,7.6,0.83,21757
19,100,3,16,1303,19694,4,1,700,8.9,0.57,11831
20,100,3,16,1304,50000,2,0,700,10.6,0.6,14349
21,100,3,16,1404,26530,0,1,500,10.3,0.77,14777
22,100,3,16,1404,30132,0,2,600,12.4,0.51,11839
23,100,3,16,1504,24490,1,0,600,12.7,0.3,10611
24,100,3,16,1603,39232,1,2,600,20.6,0.35,20192
25,100,3,16,1904,15349,2,1,600,8.6,0.52,12209
26,100,3,17,1603,20000,2,1,600,6.4,0.58,10603
27,100,3,17,1903,21000,1,2,700,4.6,0.56,15072
28,100,4,16,1303,15600,1,1,700,18,0.73,79360
29,100,4,16,1404,49970,0,1,500,16.3,0.82,16229
30,100,4,16,1503,63700,1,1,500,10,0.65,25743
31,100,4,16,1504,15165,1,0,600,12.8,0.62,90420
32,100,4,16,1504,19628,1,2,500,12.4,0.49,95980
33,100,4,16,1603,42300,1,1,500,7.1,0.64,16836
34,100,4,16,1834,20281,1,0,600,10.9,0.47,14216
35,100,4,16,1903,72327,0,0,700,9.4,0.5,22126
36,100,4,16,1904,24490,3,0,600,10.1,0.25,77190
37,100,5,16,1405,39232,0,2,600,20.8,0.32,14023
38,100,5,16,1403,19694,2,2,700,6.1,0.53,13147
39,100,5,16,1403,40000,1,0,600,9.6,0.26,13824
40,100,5,16,1404,30132,0,1,600,12,0.28,12709
41,100,5,16,1504,42300,0,0,700,3.4,0.63,15854
42,100,5,16,1603,15600,0,3,700,9.8,0.2,81800
43,100,5,16,1704,40728,1,3,600,9.3,0.31,23507
44,100,5,16,1904,50000,4,1,600,3.4,0.76,12318
45,100,5,17,1603,26530,0,1,600,12.9,0.35,20996
46,100,6,16,1303,15349,2,3,500,10.2,0.93,12318
47,100,6,16,1304,49970,1,2,500,10.3,0.87,19279
48,100,6,16,1403,15454,1,1,500,11.6,0.8,71010
49,100,6,16,1504,63700,2,0,500,10.4,0.78,25894
50,100,6,16,1604,20281,3,2,500,14,0.76,16334
51,100,6,16,1603,40000,3,1,600,15.4,0.7,12896
52,100,6,16,1834,24490,1,0,600,15.5,0.54,97350
53,100,6,16,1904,21000,3,2,600,11.8,0.43,17134
54,100,6,16,1904,19628,0,1,600,13.6,0.43,91540
55,100,7,16,1404,39232,2,3,600,22.3,0.36,11119
56,100,7,16,1403,15165,1,0,600,19.9,0.53,11965
57,100,7,16,1404,30132,3,1,600,22.3,0.47,10859
58,100,7,16,1405,50000,1,1,700,19.9,0.65,11123
59,100,7,16,1503,40728,3,2,700,13.5,0.5,12110
60,100,7,16,1705,17000,1,0,500,18,0.78,54320
61,100,7,16,1833,15600,2,0,700,12.1,0.58,12709
62,100,7,16,1904,19694,4,0,600,10.4,0.55,17192
63,100,7,17,1903,21000,3,1,700,15.3,0.79,85480
64,100,8,16,1304,49970,0,1,600,24.6,0.47,22405
65,100,8,16,1303,20000,1,2,600,27.5,0.34,18138
66,100,8,16,1404,15349,1,1,600,18.9,0.75,10351
67,100,8,16,1503,26530,1,4,600,24.1,0.5,19895
68,100,8,16,1534,40728,5,0,600,15.4,0.71,17583
69,100,8,16,1603,15600,2,1,600,21.4,0.65,84350
70,100,8,16,1603,72327,3,1,600,23,0.55,21054
71,100,8,16,1603,42300,0,1,600,20.6,0.39,24637
72,100,8,16,1904,19628,3,2,600,19,0.74,12183
73,100,9,18,1403,19620,1,0,700,16.3,0.7,95960
74,100,9,18,1404,30132,3,0,600,23.3,0.59,11672
75,100,9,18,1503,26530,4,3,500,18.5,0.88,15671
76,100,9,18,1604,50000,0,1,700,20.1,0.65,17826
77,100,9,18,1604,24490,1,1,700,20,0.6,18113
78,100,9,18,1905,63700,1,2,500,19.1,0.9,44422
79,100,9,18,1901,20281,3,0,700,19.1,0.9,18393
80,100,9,13,1904,54224,0,1,600,21.2,0.62,25813
81,100,9,13,1903,21000,2,2,700,23.3,0.62,10840
82,100,10,17,1304,19694,0,1,700,16.9,0.68,18525
83,100,10,17,1303,72327,2,1,600,27.9,0.47,24183
84,100,10,17,1305,19628,1,2,600,22.6,0.33,16446
85,100,10,17,1503,15349,2,5,600,17.6,0.85,12875
86,100,10,17,1703,15600,1,0,700,18.3,0.54,11554
87,100,10,17,1605,50889,2,2,600,16.6,0.73,22193
88,100,10,17,1703,40000,2,3,600,19,0.48,20512
89,100,10,17,1904,40728,0,0,700,16.8,0.75,10626
90,100,10,17,1904,42300,0,2,600,13.4,0.68,21827
91,100,11,16,1304,39232,0,1,600,19.9,0.49,10816
92,100,11,16,1403,15165,3,0,600,21.9,0.31,13555
93,100,11,16,1404,24490,1,1,600,26.1,0.29,78330
94,100,11,16,1503,26530,0,2,700,18.8,0.27,16054
95,100,11,16,1504,50000,1,3,600,20.5,0.48,12073
96,100,11,16,1534,20281,1,1,600,20.1,0.45,15891
97,100,11,16,1604,63700,1,1,600,17.8,0.26,31818
98,100,11,16,1834,30132,0,1,600,14.4,0.42,14825
99,100,11,16,1904,21000,1,1,600,12.1,0.54,15253
100,100,12,16,1403,72327,0,0,600,24.7,0.4,25241
101,100,12,16,1404,50000,3,2,700,22.3,0.53,12613
102,100,12,16,1503,42300,1,6,600,20.6,0.45,21920
103,100,12,16,1534,63700,1,0,600,24.4,0.36,35877
104,100,12,16,1603,15600,0,2,600,23.6,0.41,93040
105,100,12,16,1704,40728,7,0,600,21.6,0.5,13915
106,100,12,16,1833,19694,4,0,600,19.1,0.43,16317
107,100,12,16,1904,47816,1,2,700,20.4,0.36,19643
108,100,12,17,1504,49970,3,2,700,22.7,0.35,25803
109,100,13,15,1933,40000,0,1,700,19.4,0.66,16657
110,100,13,15,1903,21000,2,3,700,17.4,0.69,82180
111,100,13,16,1404,19620,1,3,600,16.3,0.61,68700
112,100,13,16,1404,26530,3,2,600,25.9,0.28,16058
113,100,13,16,1404,20281,0,0,600,23.4,0.57,16556
114,100,13,16,1603,15165,4,0,700,21.4,0.56,10752
115,100,13,16,1704,30132,1,2,700,24.4,0.4,22766
116,100,13,16,1834,15349,2,0,600,20.4,0.39,12931
117,100,13,16,1904,49970,1,1,700,20,0.56,33836
118,100,14,16,1333,19694,4,1,500,19.1,0.9,13554
119,100,14,16,1834,40728,2,3,500,21.3,0.92,15010
120,100,14,16,1903,15600,2,4,700,20.7,0.96,90250
121,100,14,16,1904,72327,1,0,700,21.9,0.84,23273
122,100,14,16,1903,42300,1,0,700,22.7,0.64,23797
123,100,14,16,1905,15165,1,3,500,21.9,0.94,10612
124,100,14,16,1903,21000,1,2,500,24.3,0.93,14977
125,100,14,16,1904,19628,1,4,500,24.2,0.94,11538
126,100,14,16,1904,24490,0,1,500,21.3,0.87,96030
127,100,15,16,1403,39232,0,4,600,22.3,0.59,14759
128,100,15,16,1804,49970,2,0,600,22.8,0.72,22685
129,100,15,16,1804,20281,1,1,700,22.6,0.8,17696
130,100,15,16,1835,15349,1,1,600,21.1,0.77,13987
131,100,15,16,1835,50000,0,0,700,21.7,0.85,15304
132,100,15,16,1904,63700,0,0,600,22.3,0.71,39545
133,100,15,16,1904,26530,0,0,700,22.9,0.7,20590
134,100,15,16,1903,20000,2,0,700,24.4,0.49,16862
135,100,15,16,1904,30132,1,0,700,24.3,0.6,16727
136,100,16,16,1803,72327,1,1,600,24.7,0.63,26133
137,100,16,16,1834,19694,2,2,600,20.4,0.62,18722
138,100,16,16,1903,15600,1,0,600,22.9,0.71,12147
139,100,16,16,1904,26530,0,1,600,23.8,0.63,18056
140,100,16,16,1903,42300,1,1,600,25.7,0.59,35506
141,100,16,16,1903,15165,3,1,600,23.6,0.85,13923
142,100,16,16,1904,21000,2,6,500,24.5,0.87,14006
143,100,16,16,1903,47816,1,1,500,24.3,0.91,36723
144,100,16,16,1903,24490,1,0,500,26.1,0.89,10345
145,100,17,16,1403,19620,0,1,600,25.7,0.57,76730
146,100,17,16,1803,63700,4,3,500,22.1,0.86,30047
147,100,17,16,1804,20281,0,0,600,26.3,0.78,14133
148,100,17,16,1834,40728,1,0,500,19.5,0.93,12787
149,100,17,16,1835,49970,3,2,700,20.8,0.94,24633
150,100,17,16,1904,54224,1,2,500,21.2,0.93,25459
151,100,17,16,1903,15454,1,1,500,22.2,0.85,97510
152,100,17,16,1905,30132,0,1,600,24.8,0.58,15062
153,100,17,16,1905,50000,2,0,600,21.5,0.82,12769
154,100,18,16,1803,20281,3,5,600,27,0.8,14092
155,100,18,16,1903,15600,2,2,600,29.9,0.68,96350
156,100,18,16,1903,42300,0,0,600,24.9,0.82,33998
157,100,18,16,1905,15165,4,1,700,26.9,0.87,11367
158,100,18,16,1903,40000,0,0,700,27.8,0.8,24397
159,100,18,16,1903,21000,1,2,700,27.9,0.77,14966
160,100,18,16,1904,47816,0,1,700,28.7,0.75,26534
161,100,18,16,1904,50000,3,0,500,23.6,0.96,11585
162,100,18,16,1904,24490,1,0,700,26.7,0.9,13891
163,100,19,16,1604,19620,2,1,600,27.4,0.59,83600
164,100,19,16,1803,63700,2,0,600,31.3,0.62,28142
165,100,19,16,1834,19694,1,1,600,27.6,0.78,14611
166,100,19,16,1834,40728,2,2,700,29,0.77,15496
167,100,19,16,1834,49970,0,2,600,29.5,0.69,23430
168,100,19,16,1905,15349,4,1,600,27.8,0.85,11844
169,100,19,16,1903,26530,4,1,600,29.1,0.68,14716
170,100,19,16,1904,72327,3,0,600,28.8,0.72,24187
171,100,19,16,1904,30132,1,1,600,28.2,0.76,17471
172,100,20,16,1804,63700,2,2,700,29.5,0.7,34267
173,100,20,16,1834,19694,2,2,700,25.9,0.85,17935
174,100,20,16,1903,42300,1,1,600,29.2,0.64,25050
175,100,20,16,1904,15165,2,2,600,28.4,0.73,12972
176,100,20,16,1903,20000,5,1,600,29.8,0.65,10034
177,100,20,16,1903,21000,3,1,600,29.6,0.62,12964
178,100,20,16,1904,19628,4,0,600,30.4,0.62,82260
179,100,20,16,1904,50000,1,2,600,29.8,0.58,16448
180,100,20,16,1904,24490,2,0,600,30.3,0.53,12844
181,100,21,16,1403,39232,2,1,600,24.3,0.63,11945
182,100,21,16,1803,20281,3,2,700,25.7,0.86,16877
183,100,21,16,1834,40728,2,1,700,26.9,0.87,14649
184,100,21,16,1903,15600,1,2,500,28,0.81,11057
185,100,21,16,1904,15349,1,1,700,27.6,0.89,13478
186,100,21,16,1903,26530,1,2,700,28.1,0.72,12509
187,100,21,16,1903,15454,3,2,700,28.1,0.82,11992
188,100,21,16,1903,21000,2,2,500,25.4,0.95,18578
189,100,21,16,1904,30132,1,0,600,27.6,0.8,14161
190,100,22,16,1403,19620,2,4,600,25.1,0.67,81170
191,100,22,16,1834,49970,0,1,600,27.8,0.7,18342
192,100,22,16,1904,19694,0,0,700,26.9,0.86,17715
193,100,22,16,1904,63700,2,1,700,28,0.76,44131
194,100,22,16,1903,72327,2,2,600,28.3,0.74,33584
195,100,22,16,1903,42300,0,2,600,29.3,0.72,32014
196,100,22,16,1904,15165,4,3,600,25.1,0.89,10939
197,100,22,16,1904,40000,0,5,700,26.1,0.89,30354
198,100,22,16,1905,24490,0,1,700,27,0.71,11933
199,100,23,16,1804,50889,0,2,600,26.8,0.77,23188
200,100,23,16,1834,40728,0,1,600,28.4,0.74,12729
201,100,23,16,1903,15600,1,3,600,29.3,0.67,11993
202,100,23,16,1904,15349,0,3,600,27.9,0.77,13248
203,100,23,16,1904,26530,0,1,700,29.1,0.59,18915
204,100,23,16,1904,21000,7,2,600,29.6,0.63,15056
205,100,23,16,1905,19628,2,0,600,29.1,0.75,14336
206,100,23,16,1904,30132,0,0,600,29.1,0.69,13471
207,100,23,16,1905,50000,0,1,600,28.2,0.67,23656
208,100,24,16,1403,39232,0,2,600,23.5,0.71,10783
209,100,24,16,1803,63700,1,1,600,27.5,0.64,39814
210,100,24,16,1834,49970,3,1,700,25,0.86,26950
211,100,24,16,1904,19694,2,1,700,26.4,0.79,17159
212,100,24,16,1904,40728,1,0,600,26.3,0.84,13798
213,100,24,16,1903,42300,0,1,600,28.9,0.51,24601
214,100,24,16,1903,15165,1,1,600,26.8,0.77,11115
215,100,24,16,1903,20000,1,0,600,26.9,0.73,14193
216,100,24,16,1904,24490,4,1,600,25.4,0.63,19729
217,100,25,16,1833,15400,1,0,600,27.8,0.62,10012
218,100,25,16,1904,15349,3,1,600,26.3,0.84,10445
219,100,25,16,1903,26530,2,2,600,27.6,0.71,18088
220,100,25,16,1903,72327,1,2,600,27.4,0.73,34954
221,100,25,16,1904,20281,1,1,600,27.2,0.76,13714
222,100,25,16,1903,21000,1,1,700,24,0.87,17381
223,100,25,16,1915,47816,0,2,700,24.7,0.9,24544
224,100,25,16,1904,45000,1,2,700,25.8,0.59,13091
225,100,25,16,1904,50000,2,1,500,24,0.89,25352
226,100,26,16,1402,19620,0,5,600,21.2,0.78,74740
227,100,26,16,1534,19694,2,1,600,23.3,0.67,15509
228,100,26,16,1403,40728,1,2,600,25.5,0.73,16845
229,100,26,16,1604,15165,0,0,600,25.9,0.69,11118
230,100,26,16,1804,19628,3,2,700,26.3,0.55,15302
231,100,26,16,1604,63700,0,5,600,24.3,0.69,46046
232,100,26,16,1904,49970,1,2,700,23.7,0.76,34822
233,100,26,16,1904,20000,1,2,700,25.2,0.64,15870
234,100,26,16,1904,24490,3,1,500,18.8,0.71,12651
235,100,27,16,1603,15600,0,0,700,27.8,0.65,11316
236,100,27,16,1904,54224,1,2,700,25.3,0.74,26106
237,100,27,16,1405,49970,2,1,600,28.1,0.55,22165
238,100,27,16,1904,26530,1,0,600,25.4,0.64,20909
239,100,27,16,1403,42300,5,0,600,25.9,0.58,22079
240,100,27,16,1304,20281,3,1,600,28.2,0.69,12131
241,100,27,16,1603,21000,2,2,500,23.8,0.78,14163
242,100,27,16,1403,30132,2,3,700,25.1,0.66,12868
243,100,27,16,1333,50000,4,1,700,22.5,0.67,15463
244,100,28,16,1904,63700,1,2,600,22.6,0.8,30692
245,100,28,16,1404,72327,0,0,600,27,0.56,36412
246,100,28,16,1504,42300,0,0,700,23,0.54,23849
247,100,28,16,1534,50889,0,1,600,24.9,0.56,28745
248,100,28,16,1304,19628,3,2,600,26.7,0.38,10013
249,100,28,16,1904,19694,2,1,700,20.4,0.74,18003
250,100,28,16,1503,40728,5,1,500,24.6,0.83,15118
251,100,28,16,1503,15349,1,0,700,25.1,0.71,10769
252,100,28,16,1503,20000,0,0,700,26.5,0.41,87930
253,100,29,16,1603,19620,0,0,700,13.8,0.77,72080
254,100,29,16,1304,19694,3,2,600,19.3,0.52,17711
255,100,29,16,1503,15600,1,1,600,21.3,0.51,11944
256,100,29,16,1503,26530,2,3,600,20.8,0.5,18779
257,100,29,16,1403,72327,4,0,600,21.5,0.5,21310
258,100,29,16,1504,20281,1,1,600,22,0.56,14772
259,100,29,16,1804,19628,1,1,600,20.2,0.52,14268
260,100,29,16,1905,50000,1,2,600,15.6,0.86,24839
261,100,29,16,1504,17000,1,3,600,24.1,0.37,11851
262,100,30,16,1704,40728,1,2,600,17.9,0.54,14125
263,100,30,16,1403,63700,0,0,600,20.1,0.45,32090
264,100,30,16,1703,42300,0,2,600,18.8,0.36,23254
265,100,30,16,1404,15165,1,1,600,21.8,0.44,10753
266,100,30,16,1904,30132,3,3,600,21.5,0.48,16317
267,100,30,16,1404,15349,1,4,600,18.8,0.52,12167
268,100,30,16,1704,49970,5,0,600,17,0.54,20696
269,100,30,16,1403,40000,1,1,600,21.4,0.53,22332
270,100,30,16,1403,21000,1,1,600,25.8,0.43,17617
271,100,31,13,1904,19694,1,1,700,12.8,0.57,17493
272,100,31,13,1903,15600,0,0,600,16.3,0.43,12021
273,100,31,13,1903,26530,4,2,600,16.7,0.44,17870
274,100,31,13,1900,20281,0,1,600,15.3,0.41,87100
275,100,31,13,1903,30132,1,2,600,15.9,0.37,87550
276,100,31,13,1904,50000,3,0,600,11.1,0.73,13204
277,100,31,13,1904,17000,3,2,600,13.8,0.59,81550
278,100,31,13,1903,15349,2,2,600,12.9,0.77,10389
279,100,31,13,1903,20000,1,0,700,13.8,0.59,79590
280,100,32,16,1703,39232,2,3,600,20.3,0.39,10266
281,100,32,16,1404,40728,3,3,700,17.3,0.73,15035
282,100,32,16,1406,63700,2,0,700,13.6,0.68,41296
283,100,32,16,1704,49970,0,1,500,10.1,0.76,17454
284,100,32,16,1403,72327,1,2,500,17.7,0.8,22647
285,100,32,16,1403,42300,0,1,500,11.4,0.63,25738
286,100,32,16,1704,20281,1,3,500,17.7,0.95,12391
287,100,32,16,1405,15165,0,2,500,18.1,0.98,89780
288,100,32,16,1703,19628,1,3,500,16.4,0.72,97650
289,100,33,16,1734,39232,0,2,600,21.9,0.33,19587
290,100,33,16,1434,19694,0,1,600,7.1,0.4,18526
291,100,33,16,1733,15600,2,0,600,10,0.58,12126
292,100,33,16,1733,15349,1,0,600,8.2,0.72,12406
293,100,33,16,1733,26530,2,1,600,10.2,0.51,19916
294,100,33,16,1433,40000,1,2,600,14.5,0.28,23892
295,100,33,16,1433,21000,2,2,700,13.3,0.46,19393
296,100,33,16,1436,50000,4,1,700,10.3,0.8,32724
297,100,33,16,1435,24490,3,1,700,13.1,0.47,22116
298,100,34,16,1535,40728,2,0,700,6.7,0.57,19141
299,100,34,16,1534,63700,2,0,600,5.6,0.71,51879
300,100,34,16,1534,49970,6,2,600,5.6,0.65,30944
301,100,34,16,1533,72327,1,0,600,7.3,0.61,26642
302,100,34,16,1533,42300,4,1,500,5.3,0.52,28055
303,100,34,16,1534,20281,0,0,600,11.3,0.31,14729
304,100,34,16,1534,15165,2,1,600,10.8,0.46,14389
305,100,34,16,1534,47816,2,2,700,8.9,0.48,18487
306,100,34,16,1534,30132,0,1,600,10.3,0.4,22224
307,200,1,17,1305,12000,2,1,700,7.4,0.53,58170
308,200,1,17,1305,49970,2,0,700,7.4,0.49,12432
309,200,1,17,1504,17000,2,1,700,7.1,0.72,10169
310,200,1,17,1504,20000,2,2,500,10.3,0.68,33210
311,200,1,17,1504,20000,1,1,500,6.4,0.87,69810
312,200,1,17,1505,22563,2,1,500,9.3,0.93,73790
313,200,1,17,1505,40000,2,3,600,8.8,0.63,93790
314,200,1,17,1534,18500,2,0,700,7.1,0.48,11479
315,200,1,17,1605,15576,2,0,500,9.7,0.75,39260
316,200,1,17,1734,15100,2,1,700,5.4,0.68,90650
317,200,1,17,1734,10202,1,2,500,7.3,0.88,31600
318,200,2,17,1304,12000,1,0,700,9.8,0.58,26010
319,200,2,17,1303,15589,0,3,600,8.3,0.56,41480
320,200,2,17,1304,20010,0,1,600,10.8,0.49,42860
321,200,2,17,1303,20396,1,2,600,7.8,0.31,13098
322,200,2,17,1306,19637,3,0,700,7.4,0.64,60160
323,200,2,17,1303,10202,0,0,600,8.9,0.44,40090
324,200,2,17,1504,15135,1,3,500,7.4,0.66,42370
325,200,2,17,1605,49970,1,3,700,10.6,0.5,70200
326,200,2,17,1604,15454,0,0,600,10.1,0.54,70260
327,200,2,17,1604,32000,2,1,700,10.4,0.37,58170
328,200,2,17,1735,20588,2,0,500,3.4,0.72,80030
329,200,3,16,1304,21292,3,2,500,6.7,0.66,63150
330,200,3,16,1304,20588,2,0,700,15.6,0.76,29010
331,200,3,16,1304,16033,0,3,700,18.1,0.78,24770
332,200,3,16,1304,19637,0,1,600,14.9,0.75,35720
333,200,3,16,1404,20396,1,0,500,10.7,0.77,44710
334,200,3,16,1604,15100,3,1,500,8.7,0.84,36020
335,200,3,16,1606,25250,1,4,500,10.6,0.85,34700
336,200,3,16,1604,20000,0,0,500,12.7,0.66,18360
337,200,3,16,1833,20000,0,3,700,14.8,0.81,55760
338,200,3,16,1903,18500,3,0,500,8.8,0.88,69590
339,200,3,16,1904,17000,2,1,500,10,0.7,61610
340,200,4,18,1304,10328,1,0,600,14.6,0.28,43510
341,200,4,18,1304,21292,2,1,700,3.8,0.68,57360
342,200,4,18,1304,15135,0,0,700,12.1,0.25,29030
343,200,4,18,1303,22563,0,0,600,15.4,0.51,50690
344,200,4,18,1305,40000,1,0,700,15.8,0.33,71130
345,200,4,18,1604,15100,2,1,600,10.4,0.47,60650
346,200,4,18,1604,15576,3,0,600,11.3,0.36,35980
347,200,4,18,1603,10202,1,0,700,10.1,0.59,25580
348,200,4,18,1903,15589,0,0,600,7.9,0.66,24460
349,200,4,18,1903,15454,0,0,600,8.7,0.46,35490
350,200,4,18,1903,16033,2,1,700,6.1,0.8,27810
351,200,5,16,1304,12000,0,0,500,8.1,0.77,29520
352,200,5,17,1304,25250,2,3,700,4.4,0.77,16920
353,200,5,17,1304,20588,2,1,600,7.3,0.95,47950
354,200,5,17,1303,20000,2,1,600,9.4,0.48,57620
355,200,5,17,1303,22563,4,0,600,11.6,0.33,40170
356,200,5,17,1403,15454,0,2,600,12,0.3,60710
357,200,5,17,1404,15576,1,1,700,8.8,0.34,28380
358,200,5,17,1603,18500,3,0,600,11.9,0.28,83370
359,200,5,17,1603,49970,2,0,700,13.4,0.2,30080
360,200,5,17,1604,32000,3,3,600,9.4,0.3,46870
361,200,5,17,1804,20000,0,2,700,12.1,0.32,25390
362,200,6,17,1304,21292,0,0,700,6.6,0.69,61790
363,200,6,17,1303,15589,2,1,600,13.6,0.4,47690
364,200,6,17,1303,20396,0,3,600,7.8,0.34,85290
365,200,6,17,1305,19934,3,2,600,18.5,0.31,72240
366,200,6,17,1303,16033,1,2,700,8.3,0.5,20860
367,200,6,17,1303,15000,3,0,600,14.1,0.27,39300
368,200,6,17,1505,15135,1,1,700,9.6,0.37,68910
369,200,6,17,1604,10328,1,2,600,14,0.35,62880
370,200,6,17,1603,17000,1,2,600,13.7,0.16,94860
371,200,6,17,1604,19637,1,2,600,11.8,0.36,51210
372,200,6,17,1605,40000,1,0,600,13,0.33,80820
373,200,7,17,1304,12000,0,1,600,14.4,0.18,53730
374,200,7,17,1303,15589,2,0,600,13.8,0.3,29990
375,200,7,17,1303,49970,2,0,600,18.2,0.24,31100
376,200,7,17,1303,20000,1,0,600,15.8,0.4,78770
377,200,7,17,1304,15576,4,2,600,17.5,0.26,30350
378,200,7,17,1303,10202,1,0,600,21.6,0.21,32300
379,200,7,17,1603,15454,1,2,600,11.1,0.36,50140
380,200,7,17,1604,15100,2,0,600,11,0.49,70350
381,200,7,17,1603,17000,1,0,600,13.7,0.33,96510
382,200,7,17,1604,25250,1,2,600,15.3,0.28,26960
383,200,7,17,1604,20000,0,1,600,14.5,0.3,34080
384,200,8,17,1304,21292,1,0,600,18.4,0.41,64600
385,200,8,17,1308,15135,1,0,600,16.9,0.45,24880
386,200,8,17,1304,10328,0,3,600,16.2,0.5,36820
387,200,8,17,1304,15000,0,3,600,22.9,0.39,54720
388,200,8,17,1405,20588,1,0,600,20,0.34,87410
389,200,8,17,1603,18500,0,0,600,13.8,0.48,90560
390,200,8,17,1604,15100,3,2,700,15.5,0.42,71110
391,200,8,17,1604,20000,1,0,700,18.1,0.51,29200
392,200,8,17,1603,16033,0,0,600,16.6,0.46,25260
393,200,8,17,1603,22563,1,1,600,19.6,0.3,48780
394,200,8,17,1605,40000,0,0,600,16.6,0.54,76070
395,200,9,17,1305,12000,1,0,700,12.8,0.71,39990
396,200,9,17,1303,15589,1,1,700,9.9,0.89,26070
397,200,9,17,1304,17000,1,1,700,15,0.48,74510
398,200,9,17,1304,15576,0,0,700,19.9,0.63,19500
399,200,9,17,1304,10202,0,1,600,21.3,0.57,32860
400,200,9,17,1403,15454,2,1,700,12.5,0.63,73290
401,200,9,17,1433,20010,1,2,700,12.9,0.59,65440
402,200,9,17,1603,20396,1,0,500,9.6,0.79,67400
403,200,9,17,1604,25250,2,3,500,17,0.6,20030
404,200,9,17,1603,20000,2,0,700,17.5,0.73,58510
405,200,9,17,1804,19637,0,4,500,14.7,0.84,21030
406,200,10,15,1904,21292,2,1,700,11.4,0.81,50360
407,200,10,15,1904,15135,0,2,700,16.9,0.87,14470
408,200,10,15,1903,18500,1,1,700,17.1,0.92,62350
409,200,10,15,1904,10328,0,1,500,16.5,0.9,38590
410,200,10,15,1904,15100,1,2,700,17.6,0.82,48500
411,200,10,15,1904,20000,0,2,600,17.9,0.39,35400
412,200,10,15,1904,20588,1,2,600,16,0.29,50210
413,200,10,15,1904,19637,0,2,600,17.8,0.36,27100
414,200,10,15,1903,22563,1,3,600,14.9,0.67,32620
415,200,10,15,1903,32000,0,0,600,17.8,0.53,31980
416,200,10,15,1933,16033,1,4,600,15.8,0.5,22450
417,200,11,18,1304,12000,2,1,700,22.7,0.71,42220
418,200,11,18,1303,15589,0,1,700,23.8,0.64,38270
419,200,11,18,1304,15454,2,4,700,22.9,0.51,71180
420,200,11,18,1306,40000,0,0,600,18.1,0.77,12595
421,200,11,18,1403,15576,2,1,700,17.8,0.82,35200
422,200,11,18,1504,20396,0,0,700,21.6,0.41,12154
423,200,11,18,1503,10202,1,2,500,16.5,0.93,21120
424,200,11,18,1604,17000,1,1,700,23.1,0.41,10070
425,200,11,18,1604,25250,1,0,700,23.8,0.47,34660
426,200,11,18,1603,20000,2,1,500,20.6,0.74,71390
427,200,11,18,1704,49970,0,2,700,21.6,0.63,61140
428,200,12,18,1304,21292,2,2,500,17.3,0.79,70020
429,200,12,18,1304,20588,1,0,700,22.5,0.64,64030
430,200,12,18,1303,22563,1,1,700,18.4,0.78,76370
431,200,12,18,1304,32000,0,2,600,23.5,0.61,57750
432,200,12,18,1604,15135,0,2,700,18.3,0.91,32600
433,200,12,18,1603,15454,0,1,500,17.9,0.88,28030
434,200,12,18,1603,16033,1,0,700,16.1,0.84,25510
435,200,12,18,1604,19637,1,0,600,22.3,0.51,52720
436,200,12,18,1834,15100,1,1,700,18.6,0.88,81140
437,200,12,18,1904,10328,0,1,700,18.5,0.88,30210
438,200,12,18,1905,20000,0,1,700,19.2,0.58,52320
439,200,13,17,1304,17000,0,3,700,19.9,0.43,95630
440,200,13,17,1304,25250,1,1,700,19.2,0.58,21010
441,200,13,17,1304,19637,1,1,600,23.3,0.33,40270
442,200,13,17,1404,40000,3,0,600,25.4,0.23,80850
443,200,13,17,1603,18500,1,0,600,18.4,0.61,10967
444,200,13,17,1603,20396,1,1,700,14.8,0.56,83230
445,200,13,17,1603,20000,0,1,600,22.8,0.39,95340
446,200,13,17,1834,21292,1,0,700,13.6,0.61,71020
447,200,13,17,1904,12000,0,2,700,14.8,0.87,41700
448,200,13,17,1903,10202,1,2,600,20.1,0.47,37020
449,200,13,14,1930,15589,2,0,700,18.2,0.7,37180
450,200,14,16,1404,15576,2,2,600,19.8,0.31,37240
451,200,14,17,1304,15135,1,2,600,23.1,0.3,40240
452,200,14,17,1303,49970,0,1,600,21.7,0.22,35150
453,200,14,17,1304,10328,1,6,600,24.1,0.35,61730
454,200,14,17,1304,15454,3,0,600,19.7,0.26,52590
455,200,14,17,1303,22563,1,1,700,24.7,0.31,40400
456,200,14,17,1604,15100,1,1,700,18.3,0.55,61110
457,200,14,17,1605,20588,2,1,600,23.1,0.26,58810
458,200,14,17,1603,16033,2,1,600,18.9,0.44,25010
459,200,14,17,1604,32000,0,0,700,23.7,0.52,41820
460,200,14,17,1904,20000,0,1,600,18.9,0.46,50880
461,200,15,17,1304,21292,2,1,600,27.1,0.3,80700
462,200,15,17,1304,12000,0,2,600,23.9,0.52,43030
463,200,15,17,1304,20396,0,2,600,23.7,0.37,13062
464,200,15,17,1305,25250,0,1,600,24,0.49,29780
465,200,15,17,1304,19637,3,0,700,20.6,0.59,39330
466,200,15,17,1303,10202,1,5,600,24.3,0.52,34910
467,200,15,17,1404,17000,2,0,700,23.9,0.28,87390
468,200,15,17,1603,15589,1,1,600,22.9,0.59,39330
469,200,15,17,1603,18500,4,0,700,22.8,0.39,10584
470,200,15,17,1604,20000,1,2,700,22,0.52,11088
471,200,15,17,1606,40000,2,1,600,20.3,0.52,72530
472,200,16,16,1304,20588,1,0,600,26.6,0.28,65400
473,200,16,17,1304,15135,0,0,600,26.3,0.35,50740
474,200,16,17,1303,16033,2,5,600,26.1,0.43,50160
475,200,16,17,1303,22563,1,1,600,27.1,0.26,40900
476,200,16,17,1305,40000,0,2,600,25.7,0.45,10747
477,200,16,17,1603,15589,3,2,600,20.8,0.68,44730
478,200,16,17,1604,10328,0,0,600,22.8,0.46,36420
479,200,16,17,1604,15100,0,0,600,22,0.64,58620
480,200,16,17,1603,32000,2,1,600,28.7,0.28,32480
481,200,16,17,1905,20000,0,3,600,22.5,0.52,61510
482,200,16,17,1904,15576,0,1,600,19.3,0.65,39100
483,200,17,15,1904,19637,1,0,600,21.2,0.72,29600
484,200,17,16,1304,12000,3,1,700,23.4,0.47,44130
485,200,17,16,1306,25250,1,1,600,22.5,0.69,34520
486,200,17,16,1303,10202,3,2,700,25.1,0.62,26770
487,200,17,16,1403,20396,1,1,600,24.7,0.36,12341
488,200,17,16,1504,15135,1,0,600,25.7,0.43,26160
489,200,17,16,1604,21292,5,1,600,23.2,0.49,67030
490,200,17,16,1603,18500,0,1,600,22.3,0.48,10377
491,200,17,16,1604,15454,2,0,700,22.6,0.61,55090
492,200,17,16,1603,20000,1,1,700,24.4,0.6,90450
493,200,17,16,1703,49970,3,1,700,22.6,0.63,36700
494,200,18,14,1903,32000,2,1,700,22.6,0.7,31270
495,200,18,16,1304,15589,0,1,500,18.7,0.89,19010
496,200,18,16,1304,10328,0,2,500,19.1,0.91,20600
497,200,18,16,1303,22563,1,0,700,25.8,0.66,87410
498,200,18,16,1405,20588,2,2,700,21.9,0.84,11642
499,200,18,16,1405,40000,2,0,600,24.9,0.55,80190
500,200,18,16,1604,15100,1,0,500,19.4,0.87,51480
501,200,18,16,1603,17000,0,2,700,22.5,0.61,10773
502,200,18,16,1604,19637,1,2,700,23.7,0.72,48580
503,200,18,16,1904,20000,1,1,700,21.5,0.79,32050
504,200,18,16,1904,16033,0,2,500,19.1,0.9,35080
505,200,19,13,1904,21292,1,2,600,15.8,0.68,57370
506,200,19,13,1904,12000,1,3,700,15,0.84,22410
507,200,19,13,1904,15135,0,0,700,19.4,0.7,13330
508,200,19,13,1903,18500,3,1,700,17.6,0.59,73090
509,200,19,13,1903,54224,4,1,600,17.1,0.64,31870
510,200,19,13,1903,15454,0,1,700,18,0.56,26390
511,200,19,13,1903,20396,2,2,700,19.9,0.68,71110
512,200,19,13,1904,25250,0,1,700,22.3,0.76,23440
513,200,19,13,1903,20000,2,1,600,23.5,0.68,59160
514,200,19,13,1904,15576,2,1,600,23.3,0.67,28750
515,200,19,13,1903,10202,1,1,600,21.5,0.79,23910
516,200,20,17,1803,15589,3,4,600,25.3,0.53,50410
517,200,20,17,1805,49970,2,1,600,27.1,0.71,69330
518,200,20,17,1804,10328,0,0,600,25.6,0.73,32250
519,200,20,17,1804,17000,4,1,600,27.3,0.7,95620
520,200,20,17,1803,16033,0,1,600,22.3,0.72,27120
521,200,20,17,1803,22563,0,0,700,23.9,0.71,35090
522,200,20,17,1804,40000,1,0,700,24.1,0.7,64590
523,200,20,17,1834,15100,2,0,700,25.1,0.75,52650
524,200,20,17,1834,19637,3,0,700,24.9,0.74,75260
525,200,20,17,1904,20588,0,1,700,25.1,0.67,76280
526,200,20,17,1903,32000,2,2,700,23.1,0.83,45720
527,200,21,17,1804,12000,3,1,700,18.5,0.85,27010
528,200,21,17,1803,15454,1,1,700,21.8,0.7,84360
529,200,21,17,1803,20396,0,2,700,22.5,0.57,90480
530,200,21,17,1806,25250,0,2,700,20.6,0.82,37500
531,200,21,17,1805,20000,1,0,700,24.8,0.63,36700
532,200,21,17,1803,20000,1,1,700,23.6,0.75,76230
533,200,21,17,1803,10202,0,2,500,21.3,0.89,21290
534,200,21,17,1904,21292,1,0,600,18.8,0.71,96280
535,200,21,17,1903,18500,1,1,700,20.9,0.64,95490
536,200,21,17,1904,15576,3,1,500,20.8,0.94,36530
537,200,21,17,1935,15135,1,2,700,20.8,0.67,18940
538,200,22,17,1803,15589,1,0,500,22,0.85,37700
539,200,22,17,1803,49970,2,0,500,19.8,0.85,31280
540,200,22,17,1804,10328,0,4,500,19.1,0.88,32610
541,200,22,17,1803,17000,0,0,700,22.2,0.84,76300
542,200,22,17,1803,16033,1,2,700,23.6,0.78,23130
543,200,22,17,1803,22563,1,0,500,23.8,0.88,34870
544,200,22,17,1805,40000,1,1,600,24.6,0.88,68780
545,200,22,17,1834,15100,1,1,500,20.3,0.85,66930
546,200,22,17,1834,19637,0,0,600,25.3,0.9,41320
547,200,22,17,1904,20588,1,1,700,24.1,0.9,49300
548,200,22,17,1903,32000,1,0,500,23.8,0.87,43260
549,200,23,17,1804,12000,1,1,600,19.8,0.85,42630
550,200,23,17,1803,20396,3,2,700,22.6,0.71,10092
551,200,23,17,1803,16033,0,2,700,22.8,0.77,24780
552,200,23,17,1803,20000,0,1,600,26.6,0.52,12618
553,200,23,17,1804,10328,0,1,600,23.1,0.73,45250
554,200,23,17,1803,22563,1,3,600,23.9,0.67,50610
555,200,23,17,1803,10202,2,0,600,23.1,0.74,23890
556,200,23,17,1903,18500,3,2,600,21.6,0.77,86570
557,200,23,17,1904,20000,0,2,600,25,0.65,40230
558,200,23,17,1934,15135,0,2,700,22.4,0.82,22080
559,200,23,17,1934,25250,1,1,700,22.2,0.84,28350
560,200,24,17,1804,15589,1,0,600,28.8,0.78,43680
561,200,24,17,1804,49970,1,0,600,28.5,0.71,41510
562,200,24,17,1805,15454,0,1,600,26.8,0.71,85470
563,200,24,17,1803,17000,2,1,600,28.9,0.63,14150
564,200,24,17,1803,10202,0,1,600,30.6,0.69,28940
565,200,24,17,1805,40000,1,4,600,28.6,0.79,10137
566,200,24,17,1904,21292,3,1,500,24.9,0.91,11275
567,200,24,17,1904,20000,2,2,700,27.6,0.84,63130
568,200,24,17,1904,20000,0,0,600,28.2,0.81,94570
569,200,24,17,1904,15576,1,1,600,29.4,0.66,31800
570,200,24,17,1905,32000,0,1,600,29.5,0.76,76200
571,200,25,17,1804,12000,4,2,700,20.2,0.86,32240
572,200,25,17,1804,49970,2,0,700,22.3,0.82,41600
573,200,25,17,1803,15454,3,1,700,22.4,0.73,96870
574,200,25,17,1803,20396,3,0,700,22.4,0.86,89540
575,200,25,17,1804,25250,1,2,700,25.1,0.9,30440
576,200,25,17,1805,40000,2,2,600,27,0.77,88710
577,200,25,17,1834,15100,0,0,700,23.3,0.77,82710
578,200,25,17,1834,19637,1,1,600,26.5,0.83,50210
579,200,25,17,1904,15135,1,1,700,21.8,0.8,68680
580,200,25,17,1903,18500,0,1,700,22.8,0.76,11508
581,200,25,17,1904,20588,2,1,600,27.1,0.78,54340
582,200,26,17,1803,15589,1,0,600,29.1,0.76,49770
583,200,26,17,1804,10328,1,2,600,28.6,0.74,28220
584,200,26,17,1803,17000,3,1,600,29.6,0.68,12105
585,200,26,17,1804,25250,0,0,700,30,0.77,41770
586,200,26,17,1803,16033,1,0,600,28.7,0.77,51250
587,200,26,17,1804,15576,1,2,700,29.3,0.67,35020
588,200,26,17,1803,22563,0,3,600,29.6,0.73,60370
589,200,26,17,1834,15100,1,0,600,26.9,0.82,63340
590,200,26,17,1905,21292,1,1,600,28.6,0.78,11132
591,200,26,17,1903,20000,0,1,600,30.6,0.69,79700
592,200,26,17,1905,32000,0,3,700,28.7,0.79,69400
593,200,27,17,1804,12000,2,2,600,28.5,0.78,42130
594,200,27,17,1804,49970,1,0,600,28.4,0.75,35040
595,200,27,17,1803,15454,1,0,600,27.8,0.69,76160
596,200,27,17,1805,20396,1,1,600,28.8,0.64,10642
597,200,27,17,1804,20000,0,3,700,28.8,0.76,84920
598,200,27,17,1803,10202,1,1,600,29.3,0.72,23840
599,200,27,17,1834,19637,0,4,700,27.6,0.74,41010
600,200,27,17,1904,15135,1,2,600,29.9,0.59,36220
601,200,27,17,1903,18500,0,0,600,28.1,0.71,86070
602,200,27,17,1905,20588,3,1,600,29.9,0.62,50410
603,200,27,17,1903,20000,2,0,600,29.1,0.69,73060
604,200,28,17,1804,49970,0,1,600,27.2,0.8,48240
605,200,28,17,1803,17000,1,0,700,28.8,0.61,11342
606,200,28,17,1804,25250,1,2,700,28.8,0.77,65490
607,200,28,17,1803,22563,1,3,700,28.4,0.8,70090
608,200,28,17,1805,40000,0,1,600,27,0.89,89410
609,200,28,17,1904,21292,0,1,600,26.9,0.77,10240
610,200,28,17,1904,15400,1,1,600,27.9,0.72,22720
611,200,28,17,1903,18500,0,1,600,27.3,0.71,90710
612,200,28,17,1903,16033,0,2,500,26.5,0.84,66290
613,200,28,17,1904,15576,1,2,700,27.2,0.87,66120
614,200,28,17,1904,32000,3,0,700,27.8,0.84,45260
615,200,29,17,1803,15589,0,0,600,26.9,0.78,48680
616,200,29,17,1804,10328,1,0,600,26.8,0.78,28530
617,200,29,17,1803,20396,0,0,600,27,0.68,11142
618,200,29,17,1803,16033,2,1,600,30,0.55,32630
619,200,29,17,1803,10202,4,2,600,30.2,0.65,76370
620,200,29,17,1834,15100,1,1,600,27.3,0.75,93700
621,200,29,17,1904,3560,1,2,600,27.7,0.7,24340
622,200,29,17,1904,20588,2,1,600,28.4,0.71,10464
623,200,29,17,1904,15576,1,2,600,27.1,0.68,34570
624,200,29,17,1934,25250,1,1,700,27.1,0.88,30340
625,200,29,17,1904,12000,2,1,600,25.6,0.8,39750
626,200,30,13,1805,20000,0,0,600,28.2,0.68,39320
627,200,30,13,1903,15589,1,0,600,28.8,0.64,28200
628,200,30,13,1904,10328,0,0,600,27.8,0.7,25920
629,200,30,13,1903,15454,2,1,600,27.1,0.71,37520
630,200,30,13,1904,17000,0,0,600,28.1,0.65,10092
631,200,30,13,1904,20588,0,1,700,29.6,0.66,67410
632,200,30,13,1904,20000,1,1,600,29.5,0.75,81720
633,200,30,13,1904,19637,0,0,600,27.6,0.78,31580
634,200,30,13,2000,22563,3,2,500,24.8,0.89,32820
635,200,30,13,1904,32000,1,1,700,28.4,0.69,38090
636,200,30,13,1905,40000,2,1,700,27.2,0.78,70070
637,200,31,17,1804,7258,0,2,600,30.3,0.55,30880
638,200,31,17,1803,17000,2,1,600,29.6,0.51,11875
639,200,31,17,1803,16033,0,3,600,29,0.69,28420
640,200,31,17,1804,15576,0,0,600,28.9,0.52,31090
641,200,31,17,1834,15100,2,1,600,28.1,0.75,71290
642,200,31,17,1904,21292,3,1,600,27.1,0.8,65140
643,200,31,17,1903,18500,3,0,600,27.8,0.73,78110
644,200,31,17,1903,20000,0,0,600,29.8,0.6,92370
645,200,31,17,1903,22563,2,2,600,29.4,0.54,65760
646,200,31,17,1906,32000,3,0,600,28.8,0.58,10530
647,200,31,17,1904,15400,1,0,600,29.1,0.6,28440
648,200,32,17,1804,12000,2,0,700,24.8,0.85,32630
649,200,32,17,1804,10328,2,2,500,22.1,0.93,21700
650,200,32,17,1830,15454,1,3,500,24.6,0.79,57580
651,200,32,17,1803,20396,0,2,600,24.3,0.74,11634
652,200,32,17,1804,25250,1,0,700,26.2,0.76,35430
653,200,32,17,1803,10202,2,0,700,26.8,0.82,47940
654,200,32,17,1805,40000,1,2,700,26.4,0.73,23617
655,200,32,17,1834,19637,2,2,600,27.3,0.83,42070
656,200,32,17,1903,18500,2,1,500,24.9,0.82,71940
657,200,32,17,1905,20000,1,0,600,27.6,0.75,48490
658,200,32,17,1904,20588,1,2,600,27.7,0.61,62480
659,200,33,15,1904,12000,2,0,600,25.7,0.86,23210
660,200,33,15,1904,15589,1,1,600,25.8,0.8,26330
661,200,33,15,1904,7258,1,1,600,28,0.55,28750
662,200,33,15,1904,15100,2,0,600,26.9,0.75,63460
663,200,33,15,1903,17000,1,0,600,26.3,0.53,90450
664,200,33,15,1903,20396,3,0,600,23.8,0.69,72070
665,200,33,15,1904,25250,2,0,700,27.6,0.64,31610
666,200,33,15,1933,16033,2,1,600,27.4,0.66,26170
667,200,33,15,1904,15576,0,1,700,24.6,0.85,30150
668,200,33,15,1903,10202,2,1,700,25.4,0.89,28530
669,200,33,15,1905,40000,2,0,600,25.6,0.83,65340
670,200,34,18,1404,21292,1,2,600,32.1,0.51,75130
671,200,34,18,1934,15135,0,1,700,26.3,0.79,29490
672,200,34,18,1303,18500,0,3,600,30.4,0.51,78450
673,200,34,18,1504,20010,3,0,600,28.6,0.65,38930
674,200,34,18,1304,15454,1,1,600,32.9,0.49,70480
675,200,34,18,1604,17000,1,1,700,26.9,0.64,10241
676,200,34,18,1904,3560,1,0,500,26,0.85,17910
677,200,34,18,1403,20000,3,1,700,29.3,0.73,71550
678,200,34,18,1834,19637,1,2,500,26.1,0.82,19330
679,200,34,18,1903,22563,1,1,700,24.3,0.76,30920
680,200,34,18,1605,32000,2,1,700,25.2,0.76,96450
681,200,35,17,1604,15135,3,1,500,19.1,0.9,22570
682,200,35,17,1603,18500,2,2,500,19.7,0.87,85140
683,200,35,17,1804,10328,3,2,500,18.5,0.87,18600
684,200,35,17,1404,21000,1,0,500,17.5,0.92,51730
685,200,35,17,1304,20396,7,1,500,16.6,0.87,64660
686,200,35,17,1904,3560,3,2,600,21.4,0.66,30160
687,200,35,17,1904,20588,4,1,600,20.4,0.78,74780
688,200,35,17,1904,15576,1,0,600,19.3,0.83,37690
689,200,35,17,1303,10202,2,3,600,24.8,0.66,32540
690,200,35,17,1504,32000,3,1,600,26.1,0.53,81520
691,200,35,17,1304,40000,0,1,600,25,0.48,90270
692,200,36,17,1604,21292,1,1,600,24.4,0.71,69450
693,200,36,17,1305,12000,3,1,600,28.6,0.66,60230
694,200,36,17,1303,15589,1,2,600,30.6,0.59,51560
695,200,36,17,1406,10328,1,3,600,26.6,0.68,28590
696,200,36,17,1804,25250,1,1,500,20.8,0.88,26190
697,200,36,17,1303,16033,2,0,500,20,0.8,13630
698,200,36,17,1604,15576,2,2,700,20.9,0.78,27920
699,200,36,17,1503,22563,1,1,700,21.5,0.76,10902
700,200,36,11,1904,15100,1,2,600,25,0.67,39860
701,200,36,14,1903,20396,1,0,500,10.7,0.84,60610
702,200,36,14,1904,19637,2,4,600,16.8,0.64,23720
703,200,37,16,1403,10000,2,1,700,23.1,0.57,39460
704,200,37,17,1804,21292,0,2,600,15.1,0.8,65410
705,200,37,17,1904,12000,1,1,700,19,0.86,34030
706,200,37,17,1303,15589,1,2,700,21.5,0.72,40550
707,200,37,17,1603,18500,2,0,600,19.4,0.66,83810
708,200,37,17,1604,49970,1,1,600,20.9,0.5,86450
709,200,37,17,1604,15100,0,0,600,20.3,0.66,59380
710,200,37,17,1404,17000,3,2,700,22.4,0.5,10741
711,200,37,17,1304,25250,2,1,700,19.4,0.84,44340
712,200,37,17,1303,10202,0,1,600,24.2,0.59,32920
713,200,37,17,1305,40000,1,2,600,23.9,0.41,10138
714,200,38,17,1304,15135,0,0,600,21.6,0.48,33200
715,200,38,17,1603,18500,1,2,700,18.4,0.66,11966
716,200,38,17,1304,15454,1,2,500,15.8,0.92,55430
717,200,38,17,1504,17000,2,2,700,21.6,0.38,16643
718,200,38,17,1603,20396,1,1,700,17.6,0.56,93610
719,200,38,17,1904,3560,0,0,700,20.1,0.58,27970
720,200,38,17,1604,20588,0,1,700,22.4,0.47,90460
721,200,38,17,1303,20000,2,0,700,21.8,0.44,87980
722,200,38,17,1904,15576,0,0,700,17.1,0.58,38650
723,200,38,17,1903,22563,1,1,600,17.6,0.8,37210
724,200,38,17,1804,32000,2,1,700,20.4,0.61,71270
725,200,39,17,1304,21292,1,0,600,18.4,0.55,54080
726,200,39,17,1904,15135,1,0,600,18.5,0.49,18870
727,200,39,17,1604,49970,4,1,600,21.8,0.36,52640
728,200,39,17,1604,10328,2,4,600,19.3,0.57,28830
729,200,39,17,1604,15100,1,1,600,21.5,0.42,10918
730,200,39,17,1603,20396,2,1,600,16.8,0.52,10751
731,200,39,17,1305,20588,3,1,600,26.3,0.36,10275
732,200,39,17,1903,16033,1,0,600,15.6,0.79,35640
733,200,39,17,1804,19637,3,0,600,19.4,0.57,31730
734,200,39,17,1303,22563,2,3,600,24.5,0.41,61440
735,200,39,17,1305,15000,0,1,600,27.4,0.4,65850
736,200,40,17,1304,21292,0,2,500,14.9,0.86,71430
737,200,40,17,1304,12000,0,0,500,18.4,0.76,30340
738,200,40,17,1903,15589,3,2,500,15.1,0.93,38400
739,200,40,17,1304,10328,1,0,700,15.4,0.78,26180
740,200,40,17,1805,15454,3,0,500,14.1,0.95,48990
741,200,40,17,1604,25250,0,2,500,16.8,0.85,32050
742,200,40,17,1603,16033,0,1,600,19.1,0.67,31200
743,200,40,17,1504,19637,2,1,600,22.9,0.67,41520
744,200,40,17,1904,15576,0,0,700,19.4,0.54,33800
745,200,40,17,1603,10202,2,0,600,20.1,0.55,39160
746,200,40,17,1305,40000,1,0,600,24,0.48,10617
747,200,41,17,1304,12000,1,1,600,20.1,0.3,69200
748,200,41,17,1603,18500,2,0,600,15.4,0.31,14487
749,200,41,17,1604,49970,0,1,600,16.1,0.32,13093
750,200,41,17,1604,15100,1,0,600,14.1,0.65,10674
751,200,41,17,1304,17000,2,0,600,17.7,0.22,13050
752,200,41,17,1505,20000,0,0,600,17.3,0.44,11119
753,200,41,17,1304,20000,2,1,700,17.5,0.39,10640
754,200,41,17,1604,15576,3,1,700,14.4,0.57,64910
755,200,41,17,1603,22563,0,2,500,15.8,0.86,93760
756,200,41,17,1303,10202,1,0,700,17.1,0.63,41160
757,200,41,17,1305,40000,3,0,700,17.7,0.57,17028
758,200,42,17,1304,21292,0,2,700,13.4,0.65,77800
759,200,42,17,1303,15589,1,2,700,15.9,0.63,45100
760,200,42,17,1305,15135,0,1,700,13,0.6,57650
761,200,42,17,1305,10328,0,3,700,15,0.66,71390
762,200,42,17,1303,15454,3,2,700,14,0.52,80340
763,200,42,17,1304,20396,0,0,700,7.3,0.85,12956
764,200,42,17,1304,25250,3,1,700,15.5,0.71,52540
765,200,42,17,1304,20588,0,0,500,15.9,0.86,12296
766,200,42,17,1303,16033,2,1,700,19.3,0.71,40690
767,200,42,17,1304,19637,0,3,500,17,0.81,34610
768,200,42,17,1304,32000,0,1,700,20.8,0.7,96880
769,100,1,16,1406,19694,1,1,600,4.9,0.42,16353
770,100,1,16,1404,72327,4,2,600,12.3,0.23,24298
771,100,1,16,1404,40000,1,1,600,7.2,0.39,21748
772,100,1,16,1405,47816,1,0,700,6.6,0.43,15051
773,100,1,16,1406,50000,1,2,700,5.2,0.73,27911
774,100,1,16,1404,24490,1,1,600,13.6,0.27,12728
775,100,1,16,1603,15600,2,2,600,8.3,0.12,11330
776,100,1,16,1904,40000,1,2,700,6,0.51,17055
777,100,1,17,1304,15349,3,1,700,9.9,0.27,13785
778,100,2,16,1304,42300,1,2,600,9.6,0.36,28118
779,100,2,16,1405,40728,3,2,600,21.1,0.33,19981
780,100,2,16,1404,49970,3,0,600,22.1,0.22,26256
781,100,2,16,1405,17000,1,2,600,25.3,0.12,12116
782,100,2,16,1403,20281,0,5,600,22.6,0.28,16487
783,100,2,16,1504,54224,1,1,600,21.4,0.24,21657
784,100,2,16,1503,15165,0,1,600,21.7,0.22,10773
785,100,2,16,1605,63700,1,0,600,21.6,0.24,52293
786,100,2,16,1904,15100,1,1,600,18.4,0.3,11439
787,100,3,16,1404,19694,2,1,600,14.9,0.32,13232
788,100,3,16,1403,72327,2,1,600,17.5,0.25,19195
789,100,3,16,1404,24490,5,4,600,19,0.35,87160
790,100,3,16,1405,40000,2,2,600,16.2,0.31,16510
791,100,3,16,1503,15600,1,1,600,20.8,0.2,10485
792,100,3,16,1504,47816,1,0,600,13.8,0.36,13702
793,100,3,16,1604,15100,1,1,600,15.9,0.42,94530
794,100,3,16,1904,17000,0,1,600,14.6,0.12,11230
795,100,3,17,1306,50000,0,0,700,14.9,0.47,16029
796,100,4,16,1304,20281,0,4,700,15.1,0.55,13137
797,100,4,16,1304,47816,1,1,600,16.1,0.26,13721
798,100,4,16,1404,15165,3,3,600,15.8,0.67,87410
799,100,4,16,1503,15600,3,1,700,9.6,0.64,11492
800,100,4,16,1504,15349,3,1,700,8.6,0.67,91440
801,100,4,16,1503,26530,1,1,700,9.7,0.56,14108
802,100,4,16,1503,20000,2,0,600,17.2,0.24,10706
803,100,4,16,1603,42300,0,2,600,6.3,0.35,29095
804,100,4,16,1904,72327,3,2,700,9.6,0.63,23698
805,100,5,16,1404,19694,0,1,700,13.8,0.71,12883
806,100,5,16,1403,49970,0,1,700,18,0.58,13859
807,100,5,16,1404,50000,1,3,500,15.8,0.9,10554
808,100,5,16,1404,24490,0,1,500,18.2,0.78,67070
809,100,5,16,1404,40000,0,1,600,15.6,0.81,79130
810,100,5,16,1504,40728,1,0,700,18.8,0.6,10837
811,100,5,16,1703,15349,3,3,500,15.5,0.96,81800
812,100,5,16,1704,15100,1,1,500,16.4,0.9,73470
813,100,5,16,1904,63700,2,1,500,15.6,0.95,23295
814,100,6,16,1304,17000,3,1,600,16.8,0.26,10569
815,100,6,16,1404,19694,2,1,600,11.7,0.41,13655
816,100,6,16,1403,72327,2,1,600,16.5,0.37,27204
817,100,6,16,1403,40000,2,0,600,14.8,0.33,13159
818,100,6,16,1404,40000,2,3,600,18,0.28,10571
819,100,6,16,1704,20281,1,0,600,13.2,0.55,15113
820,100,6,16,1904,47816,1,2,600,13.3,0.31,13384
821,100,6,17,1305,50000,2,0,700,19.6,0.57,13164
822,100,6,17,1505,63700,2,0,700,20.2,0.35,36477
823,100,7,16,1303,26530,4,2,700,12.8,0.46,14739
824,100,7,16,1304,20281,1,1,700,11.6,0.53,10252
825,100,7,16,1404,49970,3,1,700,10.3,0.57,16804
826,100,7,16,1404,24490,0,3,500,11.5,0.7,72870
827,100,7,16,1503,15165,0,2,700,12.8,0.48,83770
828,100,7,16,1604,15600,1,0,500,9.3,0.72,13016
829,100,7,16,1604,15100,2,1,500,8.3,0.81,63010
830,100,7,16,1904,40728,0,0,500,9.6,0.72,98980
831,100,7,16,1904,42300,1,0,500,6.6,0.56,21415
832,100,8,15,1904,15349,0,4,700,12.4,0.69,80860
833,100,8,16,1403,42300,2,3,700,12.3,0.56,23578
834,100,8,16,1404,20000,1,1,600,18.4,0.29,13004
835,100,8,16,1404,19628,0,0,600,19.2,0.29,14037
836,100,8,16,1603,72327,1,1,600,19.4,0.24,24149
837,100,8,16,1604,15165,4,0,600,16.9,0.29,92720
838,100,8,16,1705,63700,0,1,600,15.4,0.29,37945
839,100,8,16,1904,49970,2,0,600,13.2,0.29,26555
840,100,8,17,1604,19694,1,1,600,14.5,0.32,14359
841,100,9,15,1305,40000,0,2,600,21.1,0.38,11334
842,100,9,15,1404,17000,2,1,600,20.5,0.26,14062
843,100,9,15,1504,20281,1,2,600,21.2,0.26,16380
844,100,9,15,1534,72327,1,1,600,17.9,0.46,40034
845,100,9,15,1603,15100,0,3,600,16.6,0.52,10947
846,100,9,15,1804,24490,2,3,600,18.3,0.4,14024
847,100,9,15,1904,26530,2,1,700,17.5,0.47,16292
848,100,9,13,1906,50000,0,0,700,22.8,0.8,10045
849,100,9,13,1934,63700,1,1,700,21.2,0.74,24184
850,100,10,18,1404,42300,1,1,500,17.4,0.58,27720
851,100,10,18,1403,20281,1,2,600,21.4,0.54,16829
852,100,10,18,1503,15600,2,1,600,27.1,0.33,13365
853,100,10,18,1503,49970,2,2,600,24.1,0.3,28565
854,100,10,18,1604,40728,1,0,600,22.6,0.34,16411
855,100,10,18,1604,47816,2,2,600,22.8,0.29,32378
856,100,10,18,1604,40000,2,4,600,22.6,0.29,16760
857,100,10,18,1904,15349,2,1,600,18.6,0.69,13621
858,100,10,18,1903,40000,0,2,600,19.8,0.41,12075
859,100,11,16,1304,50000,1,0,700,21.7,0.54,10708
860,100,11,16,1404,19694,2,1,500,15.6,0.77,14327
861,100,11,16,1404,15165,0,1,500,20.4,0.92,94440
862,100,11,16,1404,24490,1,3,600,22.6,0.43,73760
863,100,11,16,1503,26530,2,2,500,19.1,0.83,12345
864,100,11,16,1504,40000,1,2,600,19.1,0.91,18512
865,100,11,16,1704,15100,3,2,500,17.4,0.87,82480
866,100,11,16,1703,17000,0,2,500,16.2,0.83,77540
867,100,11,16,1903,63700,3,1,500,17.1,0.89,46649
868,100,12,16,1406,40728,3,1,600,22.9,0.36,17161
869,100,12,16,1403,42300,2,3,600,22.4,0.39,25279
870,100,12,16,1403,15165,2,4,600,21.7,0.46,10429
871,100,12,16,1404,50000,5,1,600,23.6,0.43,10550
872,100,12,16,1503,15349,1,3,600,24.1,0.31,11056
873,100,12,16,1604,72327,0,0,600,21.6,0.44,23083
874,100,12,16,1703,15600,2,1,600,20,0.43,10886
875,100,12,16,1905,63700,6,2,600,20.4,0.54,31175
876,100,12,16,1904,49970,2,0,600,16.6,0.56,24003
877,100,13,16,1404,15100,0,2,600,20.8,0.64,10682
878,100,13,16,1404,17000,0,3,600,26.1,0.31,11063
879,100,13,16,1404,20281,2,0,600,22.9,0.65,12642
880,100,13,16,1503,26530,2,1,700,22.4,0.51,16002
881,100,13,16,1504,24490,0,1,600,30.4,0.34,13197
882,100,13,16,1534,40000,1,1,600,26,0.41,11141
883,100,13,16,1705,40728,3,2,600,16.4,0.71,17969
884,100,13,16,1905,19628,2,1,700,23.5,0.54,16362
885,100,13,17,1604,54224,2,6,600,23.3,0.65,34021
886,100,14,16,1805,54224,0,1,600,28.5,0.67,28906
887,100,14,16,1834,49970,0,1,600,28.8,0.67,27852
888,100,14,16,1903,19694,0,0,700,25.3,0.84,13470
889,100,14,16,1904,15600,1,1,600,29.3,0.67,12449
890,100,14,16,1903,26530,4,2,700,27.7,0.73,18447
891,100,14,16,1904,15454,1,1,600,27.1,0.76,12537
892,100,14,16,1903,42300,3,2,500,24.2,0.92,26547
893,100,14,16,1903,15165,2,2,700,25.9,0.92,12206
894,100,14,16,1904,40000,2,1,700,27.4,0.86,17950
895,100,15,13,1904,40728,3,1,700,26.9,0.77,74950
896,100,15,13,1903,15600,2,1,600,30.5,0.65,96440
897,100,15,13,1904,15100,1,2,600,28.1,0.77,73190
898,100,15,13,1904,15165,2,1,600,26.2,0.88,56980
899,100,15,13,1905,19628,2,1,600,30.1,0.65,13272
900,100,15,13,1905,50000,4,2,600,26.6,0.85,10236
901,100,15,13,1904,24490,2,1,600,30.2,0.61,62920
902,100,15,13,1905,40000,0,1,600,27.9,0.68,70670
903,100,15,13,1935,63700,2,2,600,29.4,0.68,25638
904,100,16,16,1804,20281,3,1,500,27.4,0.89,15191
905,100,16,16,1834,17000,0,1,700,27.4,0.57,10175
906,100,16,16,1904,19694,1,1,700,21.4,0.84,14318
907,100,16,16,1905,54224,2,1,700,29.7,0.77,25904
908,100,16,16,1903,26530,4,0,700,29.4,0.73,19010
909,100,16,16,1904,72327,2,1,700,30.6,0.67,29722
910,100,16,16,1903,42300,0,3,500,24.9,0.8,26547
911,100,16,16,1904,20000,3,2,500,27.9,0.79,92370
912,100,16,16,1905,50000,1,0,700,25.1,0.93,19244
913,100,17,13,1904,19694,0,2,500,20.5,0.77,11755
914,100,17,13,1904,40728,1,1,500,19.3,0.92,66810
915,100,17,13,1905,63700,2,3,500,24.1,0.87,23725
916,100,17,13,1903,15600,2,3,500,23.3,0.89,74120
917,100,17,13,1904,15349,2,2,500,22.3,0.91,70130
918,100,17,13,1904,15100,0,2,700,24.1,0.83,60800
919,100,17,13,1905,19628,4,1,600,28.9,0.67,91190
920,100,17,13,1905,40000,1,2,600,28.4,0.71,71040
921,100,17,13,1934,49970,4,1,500,23.5,0.87,12905
922,100,18,13,1903,26530,1,2,700,27.3,0.73,15934
923,100,18,13,1904,17000,0,1,700,28.7,0.62,87730
924,100,18,13,1903,42300,1,0,700,27.9,0.75,18919
925,100,18,13,1905,20281,0,0,600,27.3,0.8,10781
926,100,18,13,1904,50889,1,2,600,27.5,0.87,20049
927,100,18,13,1904,50000,3,1,600,27.9,0.87,16351
928,100,18,13,1904,24490,3,2,600,29,0.76,10304
929,100,18,13,1934,72327,1,1,700,26.6,0.78,20294
930,100,18,13,1934,40000,3,1,600,30.1,0.67,15881
931,100,19,16,1804,63700,3,1,600,28.4,0.63,42426
932,100,19,16,1834,40728,1,0,700,26.1,0.76,14925
933,100,19,16,1904,19694,2,1,600,23.4,0.74,14365
934,100,19,16,1903,15349,2,1,600,26.9,0.77,88150
935,100,19,16,1904,49970,2,0,600,25.4,0.81,22309
936,100,19,16,1904,15100,1,2,700,25.9,0.82,13786
937,100,19,16,1904,42300,3,1,700,25.8,0.72,22650
938,100,19,16,1904,15165,2,3,600,26.5,0.81,14272
939,100,19,16,1904,19628,0,1,600,28.9,0.66,13633
940,100,20,16,1804,20281,3,1,600,29.3,0.85,15395
941,100,20,16,1834,17000,1,1,600,32.2,0.59,12749
942,100,20,16,1904,19694,2,1,600,28.8,0.73,17892
943,100,20,16,1903,15600,0,3,600,34.2,0.64,12093
944,100,20,16,1904,26530,2,2,600,33.3,0.58,17864
945,100,20,16,1904,15454,2,1,600,32.8,0.64,13427
946,100,20,16,1904,40000,2,0,600,29.8,0.72,30478
947,100,20,16,1905,50000,2,1,600,29,0.86,19705
948,100,20,16,1905,40000,0,0,600,31.3,0.62,23814
949,100,21,16,1834,40728,1,0,600,27.9,0.77,16392
950,100,21,16,1834,49970,0,2,600,28.6,0.7,30698
951,100,21,16,1834,17000,1,3,600,28.6,0.58,12657
952,100,21,16,1904,15100,1,1,600,28.1,0.74,12140
953,100,21,16,1904,19628,4,1,600,29.6,0.72,16196
954,100,21,16,1903,24490,2,1,600,31.1,0.56,22530
955,100,21,16,1803,63700,4,3,600,29.8,0.62,32329
956,100,21,16,1903,15349,0,0,600,28.8,0.81,11838
957,100,21,16,1905,50000,1,1,600,27.3,0.85,20879
958,100,22,16,1804,50889,0,2,700,28.2,0.63,21420
959,100,22,16,1904,40728,2,1,700,28.2,0.75,17608
960,100,22,16,1903,15600,2,3,700,28.3,0.58,11661
961,100,22,16,1904,15100,1,2,700,28.9,0.72,10165
962,100,22,16,1903,42300,2,1,600,25.5,0.75,28342
963,100,22,16,1904,15165,0,0,700,28.2,0.62,12809
964,100,22,16,1904,20000,1,1,700,28.5,0.58,18560
965,100,22,16,1904,24490,1,0,700,26.4,0.89,92660
966,100,22,16,1905,40000,1,1,600,26.3,0.91,13024
967,100,23,13,1904,19694,1,1,600,22.5,0.63,15101
968,100,23,13,1903,15349,5,2,600,25.6,0.72,81100
969,100,23,13,1904,54224,2,3,600,27.9,0.5,19666
970,100,23,13,1903,26530,2,1,600,27.5,0.54,14026
971,100,23,13,1903,17000,2,0,600,26.4,0.59,90330
972,100,23,13,1903,42300,4,2,600,24.6,0.54,18926
973,100,23,13,1902,20281,4,3,600,26.1,0.77,92380
974,100,23,13,1904,20000,2,1,600,27.8,0.46,97770
975,100,23,13,1934,72327,3,0,600,27.4,0.66,30481
976,100,24,16,1804,63700,1,0,600,31,0.63,40372
977,100,24,16,1835,40728,3,1,600,29.4,0.72,16212
978,100,24,16,1903,15600,1,0,600,30.4,0.66,12932
979,100,24,16,1904,15100,3,2,600,29.2,0.72,11188
980,100,24,16,1904,15165,1,1,700,28,0.87,93070
981,100,24,16,1904,47816,0,0,700,29.8,0.78,30579
982,100,24,16,1906,50000,1,2,700,24.6,0.8,13896
983,100,24,16,1904,24490,1,1,700,25.2,0.8,15569
984,100,24,16,1905,40000,2,3,600,24.9,0.89,91080
985,100,25,15,1903,15349,1,3,600,26.8,0.72,84990
986,100,25,16,1904,72327,1,1,700,28.5,0.77,35528
987,100,25,16,1835,17000,3,0,600,27.6,0.63,15137
988,100,25,16,1904,42300,1,0,600,28.5,0.82,33378
989,100,25,16,1503,20281,2,1,700,29.2,0.68,13189
990,100,25,16,1904,24490,1,0,700,28.8,0.65,93910
991,100,25,16,1904,19694,6,0,600,25,0.9,13411
992,100,25,16,1835,54224,3,2,700,28.5,0.69,34756
993,100,25,16,1904,26530,2,0,700,28.3,0.7,17390
994,100,26,16,1903,26530,0,1,600,25.4,0.71,18090
995,100,26,16,1904,15454,1,0,600,24.6,0.78,13416
996,100,26,16,1403,15165,2,3,600,26.8,0.69,10821
997,100,26,16,1904,20000,0,2,600,25.1,0.76,13329
998,100,26,16,1905,40000,1,2,600,25.2,0.79,85200
999,100,26,16,1704,63700,1,1,600,27.8,0.51,31077
1000,100,26,16,1604,15600,0,2,600,30,0.44,11185
1001,100,26,16,1404,50000,2,0,600,30.7,0.53,16196
1002,100,26,17,1705,47816,1,1,600,28.4,0.43,33174
1003,100,27,16,1534,40728,3,1,600,22.4,0.57,13020
1004,100,27,16,1904,15600,2,5,600,21.2,0.52,11539
1005,100,27,16,1504,20281,2,1,600,26.6,0.44,15088
1006,100,27,16,1934,20000,1,2,600,21.9,0.64,12013
1007,100,27,16,1804,19628,2,0,600,24.4,0.38,15704
1008,100,27,16,1304,19694,0,0,600,20.9,0.55,17849
1009,100,27,16,1503,15349,1,1,700,22.9,0.5,10290
1010,100,27,16,1604,15100,2,2,600,21.8,0.61,13743
1011,100,27,16,1504,24490,0,2,600,29.1,0.4,12355
1012,100,28,16,1904,54224,1,4,700,18.8,0.93,30673
1013,100,28,16,1603,15100,1,1,700,20.1,0.87,86500
1014,100,28,16,1904,17000,0,0,700,21.7,0.79,12547
1015,100,28,16,1534,42300,3,1,700,23.3,0.62,26514
1016,100,28,16,1604,40000,0,2,600,20.8,0.9,11045
1017,100,28,16,1605,63700,4,0,500,19.9,0.91,47790
1018,100,28,16,1504,15165,1,1,700,27.3,0.56,82180
1019,100,28,16,1604,50000,3,1,500,21.1,0.88,15512
1020,100,28,17,1404,26530,3,1,600,24.9,0.72,14388
1021,100,29,16,1404,19694,2,1,700,17.5,0.58,15178
1022,100,29,16,1504,40728,1,2,700,18.1,0.74,32305
1023,100,29,16,1604,15400,0,1,700,18.4,0.58,94690
1024,100,29,16,1504,15349,2,0,500,16.9,0.8,90110
1025,100,29,16,1704,49970,2,0,700,15.4,0.73,21743
1026,100,29,16,1503,26530,2,1,700,17.8,0.54,17523
1027,100,29,16,1504,72327,1,0,700,18.4,0.49,39243
1028,100,29,16,1504,20281,6,4,500,19.5,0.65,11846
1029,100,29,16,1904,19628,2,1,500,17.4,0.79,15766
1030,100,30,16,1604,50000,1,0,600,15.8,0.54,17184
1031,100,30,17,1304,17000,1,1,600,20.6,0.28,14414
1032,100,30,17,1303,42300,3,2,700,15.9,0.47,23949
1033,100,30,17,1604,40728,4,1,600,17.1,0.51,18293
1034,100,30,17,1605,63700,2,1,600,17.3,0.38,34814
1035,100,30,17,1604,15165,0,1,600,17.8,0.36,12467
1036,100,30,17,1604,40000,2,1,600,17.1,0.39,14016
1037,100,30,17,1605,40000,0,1,600,18.5,0.33,12913
1038,100,30,17,1904,24490,2,0,600,17.1,0.48,17382
1039,100,31,17,1903,15600,1,2,700,14.6,0.68,90590
1040,100,31,17,1305,49970,1,2,700,21.1,0.55,40371
1041,100,31,17,1904,26530,2,0,700,16.5,0.66,14986
1042,100,31,17,1304,72327,1,2,700,20.2,0.66,28484
1043,100,31,17,1304,15100,1,2,700,19.9,0.71,11736
1044,100,31,17,1604,24490,1,0,700,18.4,0.57,11118
1045,100,31,17,1605,40000,1,3,700,17.1,0.77,80390
1046,100,31,17,1905,49133,3,3,600,10.4,0.62,17183
1047,100,31,17,1304,15349,1,1,700,21.8,0.65,12103
1048,100,32,16,1404,40728,1,2,600,13.6,0.46,17030
1049,100,32,16,1404,63700,1,3,600,14.3,0.33,45607
1050,100,32,16,1703,49970,2,1,600,13.1,0.45,21648
1051,100,32,16,1704,17000,0,0,600,10.2,0.41,11514
1052,100,32,16,1704,42300,1,0,700,11.8,0.67,32425
1053,100,32,16,1404,20281,1,0,600,15.4,0.57,13151
1054,100,32,16,1404,15165,0,1,600,14.6,0.53,13790
1055,100,32,16,1704,40000,3,2,600,11.4,0.54,17483
1056,100,32,16,1404,19628,1,0,600,14.4,0.39,17489
1057,100,33,16,1704,19694,1,2,600,6.9,0.64,17394
1058,100,33,16,1403,15600,3,0,600,13.4,0.25,11325
1059,100,33,16,1703,15349,4,1,600,9.9,0.42,13930
1060,100,33,16,1404,72327,0,2,600,12.7,0.33,62632
1061,100,33,16,1705,40000,0,0,600,10.5,0.47,26369
1062,100,33,16,1403,47816,1,2,600,10.5,0.44,36361
1063,100,33,16,1405,50000,1,0,600,11.1,0.58,27392
1064,100,33,16,1403,24490,4,1,600,12.9,0.41,20196
1065,100,33,16,1705,40000,0,1,600,11.8,0.37,10639
1066,100,34,16,1533,40728,0,2,600,11.3,0.6,26897
1067,100,34,16,1534,63700,2,5,600,12.6,0.37,54905
1068,100,34,16,1533,49970,2,0,600,12.5,0.35,27583
1069,100,34,16,1534,26530,1,0,600,13.6,0.36,20151
1070,100,34,16,1534,15100,0,1,600,12.7,0.44,92570
1071,100,34,16,1535,17000,0,0,600,11.8,0.18,11742
1072,100,34,16,1534,42300,2,0,700,5,0.76,30504
1073,100,34,16,1534,20281,1,2,600,11,0.63,14185
1074,100,34,16,1534,15165,3,1,600,10.9,0.4,85340
1075,200,1,17,1303,15589,0,1,600,9.2,0.24,86860
1076,200,1,17,1303,18500,0,1,600,10.1,0.27,13583
1077,200,1,17,1305,20000,0,2,600,9.2,0.25,50060
1078,200,1,17,1306,19637,0,1,600,7.2,0.33,79170
1079,200,1,17,1404,49970,0,1,700,9.4,0.24,10447
1080,200,1,17,1504,10202,1,2,600,9.6,0.42,25060
1081,200,1,17,1505,32000,1,2,600,12.1,0.32,11116
1082,200,1,17,1533,12000,1,1,700,7.5,0.33,55370
1083,200,1,17,1534,20000,1,1,600,8.3,0.25,96870
1084,200,1,17,1534,15576,3,1,600,8.1,0.35,44740
1085,200,1,17,1603,21000,3,3,600,6.6,0.31,18041
1086,200,2,17,1303,12000,1,0,600,16.8,0.32,28950
1087,200,2,17,1304,15135,0,0,600,9.6,0.38,36350
1088,200,2,17,1303,20000,0,0,700,9.3,0.64,63560
1089,200,2,17,1305,15576,1,1,700,13.2,0.66,33250
1090,200,2,17,1303,20246,1,3,700,19.6,0.56,18153
1091,200,2,17,1604,39232,0,1,600,19.7,0.3,13248
1092,200,2,17,1605,15454,2,2,700,14.1,0.26,84370
1093,200,2,17,1605,30132,4,0,600,11.2,0.44,10127
1094,200,2,17,1605,22563,2,1,600,11,0.59,72040
1095,200,2,17,1804,32000,0,3,700,12,0.57,44090
1096,200,2,17,1904,20588,0,0,700,4.2,0.45,72930
1097,200,3,17,1304,20396,1,2,600,17.6,0.25,12959
1098,200,3,17,1304,16033,3,1,600,19.5,0.3,64670
1099,200,3,17,1304,19637,1,2,600,15,0.33,32990
1100,200,3,17,1304,22563,1,2,700,17.3,0.43,46140
1101,200,3,17,1604,21292,2,0,600,12.7,0.25,71610
1102,200,3,17,1603,15589,0,0,600,15.1,0.47,50870
1103,200,3,17,1603,49970,1,1,600,14.7,0.43,39510
1104,200,3,17,1606,25250,1,0,600,15.4,0.43,50690
1105,200,3,17,1603,21000,0,0,700,16.4,0.29,13476
1106,200,3,17,1604,30132,1,0,700,16,0.38,67760
1107,200,3,17,1904,20000,0,0,700,15.2,0.4,25100
1108,200,4,18,1304,21292,2,1,600,15.1,0.55,60110
1109,200,4,18,1304,20588,4,1,700,16.3,0.52,94850
1110,200,4,18,1304,19637,2,1,700,14,0.74,29210
1111,200,4,18,1304,20246,1,0,700,15.8,0.81,20930
1112,200,4,18,1303,32000,2,2,500,13.6,0.74,11874
1113,200,4,18,1504,15135,1,0,700,17.8,0.53,31900
1114,200,4,18,1503,18500,1,1,700,20.1,0.56,83860
1115,200,4,18,1604,39232,1,2,600,19,0.34,99790
1116,200,4,18,1605,20000,1,1,700,13.6,0.84,62790
1117,200,4,18,1604,15576,0,0,700,13.4,0.83,21590
1118,200,4,18,1603,10202,1,1,700,15.8,0.77,45090
1119,200,5,17,1303,20396,1,1,600,17.4,0.26,90380
1120,200,5,17,1304,25250,1,0,600,12,0.51,43530
1121,200,5,17,1304,20000,0,1,600,18.1,0.3,32940
1122,200,5,17,1303,16033,1,1,600,13,0.65,29000
1123,200,5,17,1303,10202,1,2,600,14.8,0.63,31460
1124,200,5,17,1403,22563,0,1,700,15.3,0.53,51880
1125,200,5,17,1603,12000,0,1,700,9.3,0.68,25840
1126,200,5,17,1603,49970,1,1,700,14.3,0.52,32910
1127,200,5,17,1603,15454,0,1,600,13.8,0.5,42710
1128,200,5,17,1603,21000,1,1,600,16.7,0.6,11117
1129,200,5,17,1604,30132,4,1,700,17.2,0.51,65940
1130,200,6,17,1304,21292,5,1,800,1.4,0.76,55100
1131,200,6,17,1303,15589,3,0,700,6.7,0.78,30300
1132,200,6,17,1303,20396,1,2,500,13.8,0.67,92770
1133,200,6,17,1303,22563,1,1,700,15.1,0.61,41040
1134,200,6,17,1303,32000,1,1,700,17.3,0.41,50120
1135,200,6,17,1404,15576,0,1,700,16.1,0.39,37760
1136,200,6,17,1603,39232,1,3,600,21.1,0.3,17020
1137,200,6,17,1603,18500,6,1,700,7.3,0.8,71850
1138,200,6,17,1603,49970,3,0,700,8.7,0.7,30680
1139,200,6,17,1604,20588,1,2,700,14.7,0.44,61280
1140,200,6,17,1603,20246,3,1,600,16.6,0.56,24670
1141,200,7,17,1304,15135,0,2,700,20,0.34,55790
1142,200,7,17,1304,20000,0,3,700,12.1,0.4,32640
1143,200,7,17,1303,16033,0,0,500,8,0.7,15300
1144,200,7,17,1304,20000,3,2,700,11.8,0.54,63100
1145,200,7,17,1304,19637,1,2,700,13.5,0.33,34880
1146,200,7,17,1403,21000,0,0,500,13.1,0.34,10010
1147,200,7,17,1603,12000,1,2,500,12.8,0.79,25130
1148,200,7,17,1603,15454,0,0,600,17.4,0.3,30860
1149,200,7,17,1604,25250,1,2,500,5.1,0.85,23150
1150,200,7,17,1604,30132,1,0,600,14.6,0.35,10559
1151,200,7,17,1603,10202,1,0,700,10.3,0.59,16070
1152,200,8,17,1303,39232,2,1,600,20.7,0.31,81730
1153,200,8,17,1304,21292,0,1,600,23.6,0.18,17223
1154,200,8,17,1303,15589,0,1,600,22.4,0.46,46060
1155,200,8,17,1303,20396,1,2,600,17.7,0.33,95170
1156,200,8,17,1305,20246,1,0,600,25.6,0.54,59160
1157,200,8,17,1603,18500,0,0,700,18.6,0.47,84060
1158,200,8,17,1603,49970,3,0,700,19.6,0.4,39160
1159,200,8,17,1604,25250,0,0,600,20.4,0.35,36240
1160,200,8,17,1604,20588,0,1,700,20.8,0.33,78600
1161,200,8,17,1603,22563,2,1,700,21,0.49,59360
1162,200,8,17,1906,15576,2,0,700,14.2,0.81,21240
1163,200,9,13,1903,12000,2,0,700,18.2,0.71,26480
1164,200,9,13,1904,15135,0,1,600,19.6,0.54,14720
1165,200,9,13,1903,49970,2,0,600,19.7,0.54,30570
1166,200,9,13,1903,15454,1,2,600,19.3,0.57,26900
1167,200,9,13,1904,20000,2,3,600,19.4,0.66,23410
1168,200,9,13,1903,21000,1,0,600,18.6,0.6,89930
1169,200,9,13,1904,30132,2,1,600,18.6,0.52,41510
1170,200,9,13,1903,16033,0,2,500,13.4,0.85,17110
1171,200,9,13,1903,20000,1,1,600,17.8,0.74,62340
1172,200,9,13,1904,19637,0,1,600,16.4,0.79,23250
1173,200,9,13,1903,32000,0,1,600,19.8,0.73,35010
1174,200,10,17,1304,21292,1,0,800,3.4,0.75,44330
1175,200,10,17,1303,15589,2,0,700,9.3,0.72,21030
1176,200,10,17,1303,20000,2,0,600,15.5,0.43,69830
1177,200,10,17,1303,10202,0,2,600,16,0.52,23110
1178,200,10,17,1304,20246,0,0,600,19.1,0.35,37090
1179,200,10,17,1404,20588,3,0,700,11.6,0.49,46920
1180,200,10,17,1603,18500,1,1,700,9.1,0.73,65110
1181,200,10,17,1603,15454,1,2,700,10.4,0.53,43280
1182,200,10,17,1604,25250,0,4,700,6.8,0.77,13639
1183,200,10,17,1604,19637,3,2,700,12.1,0.45,52150
1184,200,10,13,1903,20396,0,0,600,20,0.41,88550
1185,200,11,17,1303,19620,1,3,500,7.3,0.72,60030
1186,200,11,17,1303,12000,2,2,600,20.3,0.26,61750
1187,200,11,17,1304,15135,4,1,600,17.6,0.22,25420
1188,200,11,17,1306,20000,1,1,600,22.3,0.18,41200
1189,200,11,17,1304,20588,3,3,600,23.8,0.21,85940
1190,200,11,17,1604,25250,1,1,600,16.6,0.27,48830
1191,200,11,17,1604,21000,1,1,600,19.1,0.32,16803
1192,200,11,17,1604,30132,3,3,600,17.1,0.5,14249
1193,200,11,17,1603,22563,0,1,600,21.2,0.29,45070
1194,200,11,17,1605,10202,0,2,600,20.1,0.31,26280
1195,200,11,18,1403,15576,0,2,600,23.1,0.43,39180
1196,200,12,15,1304,21292,3,1,600,12.2,0.38,72920
1197,200,12,15,1303,15589,1,0,600,17.1,0.33,47020
1198,200,12,15,1303,20396,1,1,600,14.7,0.28,11881
1199,200,12,15,1303,22563,0,0,600,19.2,0.56,57100
1200,200,12,15,1303,20246,1,0,600,23.9,0.46,43360
1201,200,12,15,1403,32000,3,2,600,21.3,0.31,64420
1202,200,12,15,1604,39232,0,1,600,20.4,0.35,11981
1203,200,12,15,1603,49970,1,3,600,17,0.43,15022
1204,200,12,15,1603,16033,0,1,600,16,0.45,61230
1205,200,12,15,1903,18500,2,0,600,14.2,0.67,10296
1206,200,12,15,1903,21000,2,0,700,13.9,0.7,12729
1207,200,13,18,1303,12000,0,0,600,23.4,0.36,42800
1208,200,13,18,1304,15454,0,1,600,24.4,0.23,63870
1209,200,13,18,1304,19637,0,3,600,20.7,0.57,45830
1210,200,13,18,1303,10202,1,2,600,26.5,0.21,31000
1211,200,13,18,1404,20000,4,3,600,25.6,0.33,11117
1212,200,13,18,1504,15135,0,1,700,23.8,0.27,38560
1213,200,13,18,1604,30132,2,0,600,20.1,0.53,23012
1214,200,13,18,1804,20588,0,1,600,20.6,0.29,64240
1215,200,13,18,1904,25250,1,1,700,13.3,0.79,28200
1216,200,13,18,1904,20000,0,1,600,20.4,0.42,32150
1217,200,13,18,1904,15576,3,0,600,17.8,0.39,24130
1218,200,14,17,1303,15589,2,2,600,24.5,0.5,36860
1219,200,14,17,1303,20396,1,1,600,22.3,0.38,88290
1220,200,14,17,1304,16033,0,0,600,27.8,0.62,54260
1221,200,14,17,1304,19637,3,1,600,23.3,0.45,27970
1222,200,14,17,1303,22563,2,3,600,26.3,0.41,14526
1223,200,14,17,1503,54224,2,1,600,25.5,0.41,74640
1224,200,14,17,1604,21292,0,1,600,19.4,0.55,64600
1225,200,14,17,1603,18500,3,2,600,19.5,0.65,93990
1226,200,14,17,1604,15454,0,0,600,20.5,0.57,50240
1227,200,14,17,1604,20588,2,1,600,21,0.28,70780
1228,200,14,17,1904,20000,0,0,600,22,0.48,28600
1229,200,15,17,1303,16033,0,6,500,19.4,0.78,16770
1230,200,15,17,1303,20000,2,0,500,18.7,0.89,85100
1231,200,15,17,1304,15576,2,4,500,20.7,0.68,39230
1232,200,15,17,1303,15000,1,4,500,20.5,0.88,33810
1233,200,15,17,1603,19620,1,1,700,11.8,0.66,71710
1234,200,15,17,1603,12000,4,1,700,21.2,0.6,28510
1235,200,15,17,1603,18500,1,0,600,21,0.49,12212
1236,200,15,17,1604,25250,1,2,500,16.4,0.88,31070
1237,200,15,17,1603,21000,5,1,500,17.7,0.9,80450
1238,200,15,17,1603,10202,1,1,700,21.6,0.87,31850
1239,200,15,17,1303,16000,0,1,700,20.4,0.94,39400
1240,200,16,17,1303,19620,0,1,600,20.8,0.46,85900
1241,200,16,17,1304,21292,1,2,600,25.9,0.36,68110
1242,200,16,17,1304,15135,0,0,600,26,0.46,22590
1243,200,16,17,1303,20396,3,0,600,26.3,0.43,99740
1244,200,16,17,1304,19637,2,1,600,24.9,0.52,33120
1245,200,16,17,1303,20246,2,1,600,28.5,0.41,34520
1246,200,16,17,1603,15589,0,0,700,24.5,0.64,80030
1247,200,16,17,1606,30132,0,1,600,22.6,0.64,12654
1248,200,16,17,1603,20000,2,3,600,26.9,0.48,83560
1249,200,16,17,1603,22563,2,1,600,28.2,0.48,34710
1250,200,16,17,1934,15576,1,2,600,22.8,0.51,10381
1251,200,17,16,1303,12000,0,2,700,18,0.73,65160
1252,200,17,16,1304,25250,2,1,600,25.3,0.54,32300
1253,200,17,16,1404,15454,0,2,700,21.7,0.3,71350
1254,200,17,16,1604,49970,2,1,700,22.8,0.37,42680
1255,200,17,16,1604,21000,3,0,700,22.9,0.44,12633
1256,200,17,16,1604,22563,1,1,500,19.1,0.93,72530
1257,200,17,16,1804,15135,1,2,700,18.9,0.59,61860
1258,200,17,16,1833,16033,1,0,700,20.6,0.6,36980
1259,200,17,16,1903,18500,1,3,700,16.9,0.75,11041
1260,200,17,17,1904,20000,0,0,700,24.2,0.53,26650
1261,200,17,11,1904,20588,1,2,600,23.6,0.36,52970
1262,200,18,16,1303,15589,2,0,600,26.2,0.55,34290
1263,200,18,16,1404,21292,2,2,600,23.1,0.6,65090
1264,200,18,16,1403,20010,0,0,600,25.1,0.47,58400
1265,200,18,16,1404,25250,0,0,600,23.6,0.62,38790
1266,200,18,16,1404,15576,3,2,600,26.1,0.45,55440
1267,200,18,16,1703,15454,2,1,600,21.9,0.56,11482
1268,200,18,16,1703,20396,1,0,600,21.6,0.59,10015
1269,200,18,16,1704,30132,2,2,600,24.4,0.44,11361
1270,200,18,16,1803,10202,0,1,700,22,0.81,72070
1271,200,18,16,1904,20000,2,1,600,24.7,0.38,52110
1272,200,18,17,1904,32000,1,3,700,22.4,0.64,54600
1273,200,19,15,1904,19637,2,0,600,23.2,0.81,27170
1274,200,19,16,1403,19620,1,0,600,26.4,0.49,48370
1275,200,19,16,1803,12000,0,2,700,25.5,0.83,10025
1276,200,19,16,1803,15589,2,2,700,26.6,0.82,61140
1277,200,19,16,1803,10202,7,0,700,23.3,0.89,38190
1278,200,19,16,1803,20246,2,1,700,25.5,0.86,56780
1279,200,19,16,1833,16033,3,4,700,23.2,0.87,39410
1280,200,19,16,1903,18500,1,1,700,24.5,0.86,10144
1281,200,19,16,1904,20588,4,1,700,23.6,0.91,10643
1282,200,19,16,1905,20000,1,1,700,23.3,0.91,81230
1283,200,19,16,1934,15135,2,2,500,21.9,0.95,20860
1284,200,20,16,1403,19620,4,0,700,17.9,0.62,54640
1285,200,20,16,1804,21292,4,1,600,20.9,0.65,71280
1286,200,20,16,1803,49970,3,3,600,23.4,0.7,42100
1287,200,20,16,1803,15454,2,1,600,22.2,0.66,45610
1288,200,20,16,1803,21000,1,1,600,24.5,0.59,15151
1289,200,20,16,1804,30132,2,0,600,23.6,0.66,10014
1290,200,20,16,1803,22563,2,0,600,23.6,0.73,53180
1291,200,20,16,1833,16033,2,3,600,23.3,0.76,37930
1292,200,20,16,1835,19637,1,2,600,22.4,0.78,41900
1293,200,20,16,1904,20588,0,1,700,24,0.73,10120
1294,200,20,16,1904,32000,2,3,700,25,0.75,59660
1295,200,21,16,1803,12000,1,3,700,20.6,0.84,57460
1296,200,21,16,1803,15589,2,2,500,21.9,0.81,47840
1297,200,21,16,1803,20396,0,1,700,22.1,0.77,14614
1298,200,21,16,1804,25250,0,0,600,23.6,0.79,36320
1299,200,21,16,1803,20246,0,0,700,25.7,0.75,69710
1300,200,21,16,1903,18500,2,1,600,22.4,0.77,11425
1301,200,21,16,1904,20000,3,1,600,25.4,0.59,48010
1302,200,21,16,1903,21000,2,0,600,24.7,0.62,13708
1303,200,21,16,1904,15576,1,0,700,22.3,0.87,30540
1304,200,21,16,1904,32000,1,2,500,24.2,0.7,79260
1305,200,21,16,1934,15135,2,0,700,23.3,0.72,27230
1306,200,22,13,1904,21292,2,3,500,19.6,0.91,51280
1307,200,22,13,1903,49970,0,5,700,23.3,0.74,25390
1308,200,22,13,1903,15454,3,1,700,22.9,0.71,28120
1309,200,22,13,1904,20396,2,0,700,22.3,0.76,71530
1310,200,22,13,1904,25250,1,2,700,24.6,0.8,29050
1311,200,22,13,1904,20000,2,8,500,23.2,0.84,11719
1312,200,22,13,1903,20000,1,0,700,23.2,0.87,76520
1313,200,22,13,1904,19637,1,0,500,23,0.81,18750
1314,200,22,13,1904,15576,1,1,500,26.9,0.72,11040
1315,200,22,13,1903,22563,1,0,500,26.7,0.89,26400
1316,200,22,13,1903,10202,1,2,500,25.6,0.94,21050
1317,200,23,17,1403,19620,3,0,600,28,0.54,62570
1318,200,23,17,1833,15589,1,1,600,23.9,0.92,45030
1319,200,23,17,1804,30132,2,0,600,26.8,0.79,10160
1320,200,23,17,1803,10202,0,2,600,27.8,0.86,17320
1321,200,23,17,1803,20246,2,1,600,27.6,0.9,32490
1322,200,23,17,1833,16033,1,1,700,27.3,0.8,43300
1323,200,23,17,1903,18500,3,0,600,28.4,0.75,15982
1324,200,23,17,1905,20588,2,0,600,29.7,0.65,79230
1325,200,23,17,1903,20000,0,0,600,30.3,0.63,11485
1326,200,23,17,1904,32000,0,3,600,28.3,0.82,41390
1327,200,23,17,1934,15135,0,1,700,28.4,0.61,38830
1328,200,24,17,1804,21292,0,3,700,24.1,0.88,10020
1329,200,24,17,1803,12000,1,0,600,26.9,0.78,40200
1330,200,24,17,1803,49970,2,1,700,27.8,0.76,57530
1331,200,24,17,1803,20396,1,1,600,26.9,0.58,12151
1332,200,24,17,1803,21000,1,1,500,25.1,0.88,94250
1333,200,24,17,1804,30132,1,0,600,28.4,0.64,10578
1334,200,24,17,1804,22563,2,0,700,30,0.66,48920
1335,200,24,17,1803,20246,1,0,700,28.1,0.85,39810
1336,200,24,17,1833,16033,0,0,700,29.1,0.7,65360
1337,200,24,17,1903,32000,1,1,700,28.8,0.73,56030
1338,200,24,17,1934,15576,0,2,600,27.8,0.72,65160
1339,200,25,16,1804,21292,1,2,600,25,0.68,51420
1340,200,25,16,1803,12000,2,2,600,20.2,0.75,42010
1341,200,25,16,1803,15589,0,1,600,22.3,0.74,46760
1342,200,25,16,1803,15454,2,3,600,24,0.5,73240
1343,200,25,16,1803,20396,2,4,600,25.3,0.46,11019
1344,200,25,16,1804,25250,1,1,600,24.9,0.68,41410
1345,200,25,16,1803,21000,3,2,600,30.4,0.4,18193
1346,200,25,16,1834,19637,4,1,600,26.3,0.77,46640
1347,200,25,16,1904,20000,0,2,600,27.7,0.66,58570
1348,200,25,16,1904,15576,0,1,600,27.7,0.62,36740
1349,200,25,16,1903,10202,1,1,600,28.6,0.74,25550
1350,200,26,16,1403,39232,3,0,600,23.2,0.65,12696
1351,200,26,16,1804,49970,3,3,700,28.4,0.73,18705
1352,200,26,16,1804,30132,1,0,600,28.2,0.61,11658
1353,200,26,16,1803,20246,0,2,600,29,0.78,30630
1354,200,26,16,1949,15135,1,1,500,22.3,0.92,18150
1355,200,26,16,1903,18500,1,2,600,27.9,0.8,88520
1356,200,26,16,1904,20588,2,1,600,29.1,0.56,78850
1357,200,26,16,1903,20000,1,2,600,27,0.85,78070
1358,200,26,16,1903,10202,1,2,700,28.6,0.81,21420
1359,200,26,16,1904,32000,1,1,700,28,0.8,50130
1360,200,26,13,1903,15589,0,1,700,23.6,0.79,24990
1361,200,27,17,1805,15135,3,0,600,28.8,0.58,68220
1362,200,27,17,1803,15454,1,2,700,27.3,0.63,44580
1363,200,27,17,1804,25250,3,1,700,25.2,0.96,40710
1364,200,27,17,1804,30132,2,0,600,27.7,0.75,91980
1365,200,27,17,1803,22563,2,3,700,25.5,0.86,52180
1366,200,27,17,1804,20246,1,1,700,25.8,0.89,35650
1367,200,27,17,1834,16033,0,0,500,26.7,0.87,38900
1368,200,27,17,1834,19637,3,1,700,26.1,0.84,39040
1369,200,27,17,1903,18500,2,0,700,27,0.77,96580
1370,200,27,17,1904,20588,1,1,700,26,0.99,64240
1371,200,27,17,1903,20000,2,3,700,26.5,0.88,18269
1372,200,28,17,1503,19620,2,0,600,27.9,0.63,87560
1373,200,28,17,1804,21292,1,1,600,29.8,0.73,70320
1374,200,28,17,1803,12000,4,3,700,25,0.91,51950
1375,200,28,17,1803,49970,2,1,700,30.1,0.7,35370
1376,200,28,17,1803,20396,0,0,600,28.6,0.71,10680
1377,200,28,17,1805,20000,1,0,600,30.3,0.64,51180
1378,200,28,17,1803,21000,1,0,600,32.9,0.57,13440
1379,200,28,17,1833,16033,2,3,600,29.3,0.81,35370
1380,200,28,17,1904,15576,2,0,600,30.7,0.74,40480
1381,200,28,17,1903,10202,1,0,600,29.4,0.88,29380
1382,200,28,11,1904,32000,1,1,700,26.6,0.82,55130
1383,200,29,17,1804,21292,3,2,600,28.4,0.71,75530
1384,200,29,17,1803,15589,1,1,600,28.8,0.71,55790
1385,200,29,17,1804,15135,1,0,600,31.4,0.54,28410
1386,200,29,17,1803,15454,1,0,600,28.4,0.54,53090
1387,200,29,17,1803,20396,3,2,600,27.9,0.61,13044
1388,200,29,17,1803,21000,3,0,600,30.2,0.64,12449
1389,200,29,17,1803,22563,2,1,600,32,0.62,60900
1390,200,29,17,1834,19637,2,0,600,28.3,0.8,45620
1391,200,29,17,1904,20000,1,4,600,28.5,0.78,37650
1392,200,29,17,1903,20000,2,0,600,30.2,0.68,97620
1393,200,29,17,1904,15576,3,0,600,28.3,0.76,33360
1394,200,30,13,1803,20246,2,0,600,31.9,0.64,68630
1395,200,30,13,1903,19620,3,0,600,22.8,0.68,56640
1396,200,30,13,1903,12000,0,0,700,25.5,0.88,28260
1397,200,30,13,1903,15589,1,1,700,25.4,0.88,31550
1398,200,30,13,1903,18500,2,2,700,28.1,0.79,92580
1399,200,30,13,1904,25250,0,1,700,26.9,0.94,42620
1400,200,30,13,1934,20588,2,4,700,28.4,0.81,62670
1401,200,30,13,1904,30132,2,1,600,28.3,0.8,69160
1402,200,30,13,1903,10202,2,0,600,30.3,0.79,32580
1403,200,30,13,1903,32000,0,1,700,28.6,0.85,40520
1404,200,30,13,1933,16033,1,7,600,29.3,0.73,10096
1405,200,31,17,1803,12000,1,3,700,24.2,0.76,56090
1406,200,31,17,1804,15135,2,1,600,26.3,0.65,24960
1407,200,31,17,1803,49970,1,3,700,25.6,0.68,65440
1408,200,31,17,1803,15454,2,2,700,25.4,0.66,12490
1409,200,31,17,1804,25250,1,3,700,25.9,0.78,44720
1410,200,31,17,1833,16033,0,3,700,26,0.73,33580
1411,200,31,17,1834,19637,1,1,600,25.1,0.79,51290
1412,200,31,17,1903,18500,1,1,700,24.8,0.81,10065
1413,200,31,17,1905,45000,4,0,600,24.6,0.66,10802
1414,200,31,17,1904,20000,1,3,600,26.8,0.6,80460
1415,200,31,14,1903,32000,1,2,600,25.4,0.65,33390
1416,200,32,17,1404,19620,2,2,600,23.3,0.6,67920
1417,200,32,17,1804,21292,2,1,600,25.9,0.68,64280
1418,200,32,17,1903,15589,0,1,700,23.8,0.91,27420
1419,200,32,17,1803,15454,2,0,600,28.3,0.53,41270
1420,200,32,17,1804,20396,2,1,700,22.3,0.87,10993
1421,200,32,17,1804,20000,1,2,700,25.9,0.87,41800
1422,200,32,17,1803,21000,1,2,700,25.6,0.86,98950
1423,200,32,17,1803,22563,3,4,700,25.2,0.84,45520
1424,200,32,17,1803,10202,2,3,500,23.6,0.96,18290
1425,200,32,17,1904,20588,2,0,700,25.9,0.81,43140
1426,200,32,17,1904,15576,0,0,700,23.4,0.9,18090
1427,200,33,17,1803,15589,4,3,600,24.9,0.93,43400
1428,200,33,17,1804,15135,0,1,700,26.1,0.78,23100
1429,200,33,17,1903,18500,1,2,700,27.6,0.86,10187
1430,200,33,17,1804,25250,0,0,700,23,0.97,34560
1431,200,33,17,1803,21000,5,0,500,24.4,0.87,65590
1432,200,33,17,1834,16033,1,1,500,22,0.96,22230
1433,200,33,17,1304,20000,2,1,500,23.1,0.86,72890
1434,200,33,17,1803,22563,1,5,600,26.1,0.68,62880
1435,200,33,17,1803,20246,0,2,600,27.8,0.51,12156
1436,200,33,18,1603,32000,2,1,600,27.5,0.33,61020
1437,200,33,18,1905,19637,2,2,600,23.6,0.37,34140
1438,200,34,17,1303,19620,1,0,600,19.3,0.4,76180
1439,200,34,17,1604,21292,2,1,600,23.1,0.56,61470
1440,200,34,17,1603,12000,1,1,700,23,0.84,46010
1441,200,34,17,1804,15135,0,1,700,24,0.63,37060
1442,200,34,17,1304,20396,2,2,600,24.1,0.51,17148
1443,200,34,17,1304,4300,2,1,600,30.7,0.5,33690
1444,200,34,17,1504,19934,3,2,600,29.9,0.62,55940
1445,200,34,17,1904,45000,3,2,600,23.6,0.55,12311
1446,200,34,17,1303,10202,2,1,600,29.6,0.64,31430
1447,200,34,18,1433,20010,1,0,700,23.6,0.42,10061
1448,200,34,18,1904,15576,0,1,600,23.6,0.75,42510
1449,200,35,17,1604,21292,0,1,600,21.8,0.61,66460
1450,200,35,17,1603,54224,2,1,600,24.4,0.45,90020
1451,200,35,17,1303,20396,2,2,600,23.2,0.48,99330
1452,200,35,17,1505,20588,2,0,600,27.9,0.42,92260
1453,200,35,17,1803,21000,0,1,600,24.4,0.53,12671
1454,200,35,17,1804,30132,1,1,600,24.4,0.58,98780
1455,200,35,17,1303,20000,3,0,600,27.2,0.57,95500
1456,200,35,17,1606,19637,2,1,600,25.4,0.45,45080
1457,200,35,17,1603,22563,1,4,500,24.4,0.88,39680
1458,200,35,17,1503,32000,2,1,700,26.9,0.55,60510
1459,200,35,13,1903,15454,2,2,700,16.3,0.54,21390
1460,200,36,17,1304,19620,1,3,700,20.6,0.61,63960
1461,200,36,17,1303,12000,0,0,700,24,0.8,37150
1462,200,36,17,1303,15589,4,2,700,25.5,0.76,10687
1463,200,36,17,1603,18500,2,1,700,23.1,0.83,95570
1464,200,36,17,1403,7258,1,1,700,23.7,0.67,47170
1465,200,36,17,1304,25250,1,2,600,29.3,0.68,49420
1466,200,36,17,1604,20000,1,2,700,26.8,0.61,80360
1467,200,36,17,1303,16033,0,1,600,28.8,0.59,39070
1468,200,36,17,1405,15576,4,0,600,27.4,0.65,60600
1469,200,36,17,1603,10202,0,2,600,26,0.7,70580
1470,200,36,17,1603,20246,1,1,600,28.6,0.63,43040
1471,200,37,17,1304,39232,3,1,600,20.9,0.52,93040
1472,200,37,17,1603,12000,2,2,500,16.8,0.97,22610
1473,200,37,17,1303,15589,4,2,500,15.6,0.9,42780
1474,200,37,17,1504,15135,2,3,500,14.8,0.91,27810
1475,200,37,17,1603,18500,6,0,500,16.1,0.85,73450
1476,200,37,17,1604,21000,3,1,700,18.5,0.85,92860
1477,200,37,17,1604,30132,7,0,600,21,0.69,96190
1478,200,37,17,1304,20000,1,1,500,20.3,0.78,67050
1479,200,37,17,1607,19637,0,1,500,17.9,0.94,47060
1480,200,37,17,1403,22563,1,1,700,22.9,0.62,49330
1481,200,37,17,1303,20246,3,0,600,25.5,0.5,75240
1482,200,38,17,1604,21292,3,0,700,12.8,0.63,57950
1483,200,38,17,1804,15135,2,1,600,13.4,0.57,27630
1484,200,38,17,1603,49970,1,0,600,17.1,0.33,37610
1485,200,38,17,1303,15454,1,2,600,20.9,0.23,10507
1486,200,38,17,1533,20396,2,1,600,13.8,0.53,97540
1487,200,38,17,1604,25250,2,1,700,14.3,0.69,40560
1488,200,38,17,1304,20000,0,1,600,19.6,0.35,38300
1489,200,38,17,1304,20588,2,0,600,20.4,0.31,85900
1490,200,38,17,1303,16033,1,2,600,19.8,0.4,51080
1491,200,38,17,1304,19637,1,5,600,19.3,0.37,88970
1492,200,38,17,1304,32000,1,0,600,23.4,0.29,73060
1493,200,39,17,1303,39232,1,0,600,20,0.5,12718
1494,200,39,17,1304,21292,2,2,700,15.9,0.67,58690
1495,200,39,17,1405,49970,1,2,700,20.2,0.43,39880
1496,200,39,17,1303,15454,1,3,700,18.8,0.55,90950
1497,200,39,17,1305,21000,4,0,500,17.8,0.87,11402
1498,200,39,17,1904,30132,0,0,600,20.7,0.74,22468
1499,200,39,17,1305,20000,2,0,500,18.1,0.87,67820
1500,200,39,17,1604,15576,2,2,700,18.8,0.88,29340
1501,200,39,17,1303,22563,1,0,500,19.1,0.85,42530
1502,200,39,17,1304,10202,3,2,700,19.3,0.91,16820
1503,200,39,17,1303,20246,2,0,500,18.4,0.95,52590
1504,200,40,17,1603,39232,1,0,600,20.8,0.41,18088
1505,200,40,17,1904,12000,1,0,700,14.9,0.63,47730
1506,200,40,17,1303,15589,3,2,700,13.7,0.84,66710
1507,200,40,17,1303,18500,0,2,700,20.9,0.7,93330
1508,200,40,17,1303,20396,2,3,500,14.9,0.71,81470
1509,200,40,17,1604,25250,0,1,500,11.7,0.92,32990
1510,200,40,17,1604,20000,1,1,500,16.7,0.8,28560
1511,200,40,17,1304,20588,0,2,700,17.1,0.87,15380
1512,200,40,17,1604,16033,1,1,500,15.1,0.75,22220
1513,200,40,17,1604,19637,2,0,500,17.8,0.79,68800
1514,200,40,17,1904,32000,1,1,700,15.8,0.68,65610
1515,200,41,17,1403,12000,2,1,600,16.8,0.5,82660
1516,200,41,17,1804,15135,2,2,600,9.9,0.67,42350
1517,200,41,17,1404,18500,1,1,600,18.4,0.44,11253
1518,200,41,17,1703,49970,1,1,600,14.9,0.5,47770
1519,200,41,17,1705,20000,0,3,600,15.1,0.62,70150
1520,200,41,17,1403,21000,3,2,600,17.9,0.49,13970
1521,200,41,17,1404,20000,1,3,500,14.8,0.75,87540
1522,200,41,17,1704,15576,2,2,700,14.4,0.54,41290
1523,200,41,17,1703,10202,2,1,700,13.3,0.51,42050
1524,200,41,17,1404,20246,0,1,700,14.9,0.57,11624
1525,200,41,17,1404,32000,0,1,700,13.3,0.71,12003
1526,200,42,17,1233,39232,0,0,600,22.5,0.33,24813
1527,200,42,17,1234,21292,0,0,600,14.1,0.44,71180
1528,200,42,17,1234,15135,1,1,600,18.2,0.27,78100
1529,200,42,17,1233,15454,4,1,600,17.6,0.22,69750
1530,200,42,17,1234,20396,1,0,600,12.4,0.35,16885
1531,200,42,17,1235,25250,1,2,600,16.1,0.54,78050
1532,200,42,17,1234,20588,1,2,600,20.1,0.37,10500
1533,200,42,17,1235,30132,3,0,600,16.7,0.36,18756
1534,200,42,17,1234,16033,2,2,600,18.5,0.41,35600
1535,200,42,17,1233,22563,2,0,600,16.9,0.38,96050
1536,200,42,17,1234,20246,0,1,600,16.4,0.68,11214
1537,100,1,16,1405,19694,1,2,700,10.6,0.35,15852
1538,100,1,16,1405,54224,0,4,700,9.1,0.56,13809
1539,100,1,16,1404,40000,2,3,600,15.6,0.56,21657
1540,100,1,16,1404,47816,0,1,500,12.3,0.6,37079
1541,100,1,16,1405,24490,5,0,700,13.9,0.61,14296
1542,100,1,16,1503,15349,1,1,700,8.1,0.79,14623
1543,100,1,16,1904,21000,0,1,500,8.3,0.83,18438
1544,100,1,17,1304,72327,2,0,500,7,0.72,23166
1545,100,1,17,1603,26530,2,2,500,8.6,0.74,14011
1546,100,2,16,1234,50000,2,1,600,8.1,0.42,16176
1547,100,2,16,1302,42300,0,2,700,4.2,0.42,22931
1548,100,2,16,1406,19637,0,2,600,8.2,0.12,12202
1549,100,2,16,1504,15600,1,2,600,10.3,0.12,99800
1550,100,2,16,1503,49970,1,1,600,7.9,0.37,22398
1551,100,2,16,1504,20281,0,1,600,10.9,0.31,17877
1552,100,2,16,1505,30132,1,1,600,8.9,0.31,13143
1553,100,2,16,1604,63700,0,1,600,9.6,0.29,42850
1554,100,2,16,1904,40728,2,0,600,6.4,0.26,15033
1555,100,3,16,1304,15454,3,0,600,12.8,0.27,11088
1556,100,3,16,1403,17000,1,1,600,11.1,0.34,91060
1557,100,3,16,1404,50000,0,2,600,11.2,0.55,24734
1558,100,3,16,1503,15349,0,1,600,12.8,0.27,92650
1559,100,3,16,1503,26530,3,4,600,11.8,0.28,13498
1560,100,3,16,1504,47816,4,1,600,9.6,0.36,20323
1561,100,3,16,1504,24490,0,3,600,13.4,0.32,13013
1562,100,3,16,1704,19694,0,0,700,5.6,0.59,13380
1563,100,3,16,1904,30132,2,1,600,8.3,0.45,10089
1564,100,4,17,1303,42300,1,0,600,11.8,0.49,21278
1565,100,4,17,1404,17000,1,0,600,17.8,0.12,12281
1566,100,4,17,1404,19637,0,2,600,12.4,0.45,80970
1567,100,4,17,1504,40728,0,2,600,13.9,0.38,32099
1568,100,4,17,1504,63700,1,1,600,16.2,0.23,0
1569,100,4,17,1503,15600,4,0,600,16.9,0.12,10465
1570,100,4,17,1504,20000,2,1,600,16.4,0.24,10737
1571,100,4,17,1603,21000,1,1,600,13.9,0.4,18301
1572,100,4,17,1904,49970,0,4,600,9.6,0.54,23172
1573,100,5,15,1904,26530,1,0,600,16.8,0.37,12431
1574,100,5,16,1404,19694,1,1,600,21.3,0.31,11144
1575,100,5,16,1404,72327,1,3,600,20.8,0.37,27764
1576,100,5,16,1404,19628,0,0,600,22.5,0.33,15232
1577,100,5,16,1404,50000,3,1,500,13.9,0.87,11766
1578,100,5,16,1503,15349,2,2,600,20.3,0.47,11568
1579,100,5,16,1505,20281,1,3,600,20.5,0.47,14420
1580,100,5,16,1504,30132,3,1,600,17.7,0.58,12174
1581,100,5,16,1904,24490,2,0,500,16.1,0.85,12115
1582,100,6,17,1303,42300,0,0,600,8.9,0.45,21132
1583,100,6,17,1304,40000,2,5,600,10.7,0.38,15214
1584,100,6,17,1304,19637,0,4,600,11.3,0.36,84670
1585,100,6,17,1504,15600,0,3,700,12.1,0.18,98700
1586,100,6,17,1503,15349,2,1,700,12.1,0.27,13731
1587,100,6,17,1504,17000,0,1,600,9.9,0.23,10144
1588,100,6,17,1604,49970,2,1,700,10,0.31,14165
1589,100,6,17,1603,21000,0,2,700,7.8,0.49,12899
1590,100,6,17,1904,63700,4,0,600,7.7,0.32,26762
1591,100,7,15,1904,26530,1,1,600,13.1,0.47,12379
1592,100,7,16,1404,72327,0,2,600,18.4,0.22,19181
1593,100,7,16,1404,47816,2,2,600,18,0.22,42723
1594,100,7,16,1504,40728,1,2,600,17.7,0.22,11953
1595,100,7,16,1504,20281,2,0,600,14.6,0.54,11497
1596,100,7,16,1504,40000,1,2,600,18.4,0.24,19505
1597,100,7,16,1504,30132,3,0,600,15.9,0.23,13408
1598,100,7,16,1804,24490,2,0,700,19.4,0.56,82760
1599,100,7,16,1904,50000,1,0,700,12.4,0.64,12529
1600,100,8,16,1404,19694,0,3,700,7,0.49,11413
1601,100,8,16,1404,19637,0,4,600,18.4,0.24,61130
1602,100,8,16,1504,40728,2,3,700,12.6,0.54,11952
1603,100,8,16,1504,15349,0,0,700,11.9,0.59,11436
1604,100,8,16,1604,49970,2,0,700,13.2,0.46,40761
1605,100,8,16,1604,21000,2,1,700,12.8,0.36,11059
1606,100,8,16,1704,63700,1,0,600,11.4,0.53,35239
1607,100,8,16,1904,17000,2,0,500,10.9,0.8,81970
1608,100,8,17,1504,42300,0,0,600,13.8,0.51,21452
1609,100,9,16,1303,15349,3,2,600,23.1,0.34,12367
1610,100,9,16,1404,72327,0,1,600,21.6,0.37,26058
1611,100,9,16,1403,20281,1,0,600,19.3,0.67,11188
1612,100,9,16,1405,19637,1,2,600,19.6,0.59,60960
1613,100,9,16,1504,20000,2,3,600,21.8,0.37,90650
1614,100,9,16,1504,30132,2,2,600,18.5,0.62,25382
1615,100,9,16,1604,26530,2,1,600,20.1,0.37,19164
1616,100,9,16,1704,15600,0,2,600,19.7,0.44,98820
1617,100,9,16,1904,50000,0,3,600,15.1,0.81,16992
1618,100,10,18,1304,54224,0,1,700,19.8,0.54,25851
1619,100,10,18,1304,17000,0,1,700,18.6,0.43,86650
1620,100,10,18,1402,42300,1,1,600,21.4,0.42,23442
1621,100,10,18,1400,24490,1,2,700,18,0.68,17339
1622,100,10,18,1503,40728,2,1,700,16.5,0.81,15077
1623,100,10,18,1604,19694,0,0,700,11.9,0.61,13040
1624,100,10,18,1604,63700,1,0,700,19.1,0.65,38226
1625,100,10,18,1604,21000,1,2,700,16.8,0.78,13845
1626,100,10,18,1904,47816,1,1,500,17.3,0.71,19367
1627,100,11,16,1604,63700,1,0,600,25.6,0.37,43564
1628,100,11,16,1704,15600,2,2,600,25.4,0.35,12105
1629,100,11,16,1304,15349,1,0,600,25.3,0.43,13650
1630,100,11,16,1503,26530,2,0,600,26,0.3,18261
1631,100,11,16,1404,72327,2,0,600,26.8,0.34,35550
1632,100,11,16,1504,20281,0,1,600,23.4,0.48,17286
1633,100,11,16,1904,40000,1,2,600,17.8,0.33,38966
1634,100,11,16,1504,30132,0,0,600,23.4,0.32,17573
1635,100,11,16,1404,19637,0,1,600,24,0.28,96860
1636,100,12,18,1304,19694,4,3,600,16.4,0.54,12945
1637,100,12,18,1504,40728,1,2,700,15.4,0.62,15122
1638,100,12,18,1303,49970,0,1,700,13.2,0.7,23722
1639,100,12,18,1604,54224,0,0,700,14.4,0.48,36505
1640,100,12,18,1404,42300,2,1,600,15.9,0.35,35533
1641,100,12,18,1904,21000,3,0,600,15,0.45,12654
1642,100,12,18,1504,24490,1,0,600,19.8,0.22,14457
1643,100,12,12,1904,50000,1,2,600,25.1,0.92,95150
1644,100,12,12,1904,19628,1,2,600,29.9,0.53,15873
1645,100,13,16,1604,15600,0,2,600,23.1,0.14,13348
1646,100,13,16,1904,15349,1,0,600,20.8,0.28,11003
1647,100,13,16,1404,72327,1,2,600,25.7,0.21,19606
1648,100,13,16,1304,40000,1,2,600,23.6,0.2,20781
1649,100,13,16,1504,30132,1,0,600,21.6,0.25,12224
1650,100,13,16,1404,19637,0,0,600,21.6,0.28,74510
1651,100,13,16,1503,26530,4,1,600,24.1,0.13,17451
1652,100,13,16,1604,19628,0,1,600,23.9,0.25,15479
1653,100,13,16,1404,50000,1,1,600,23.9,0.39,12960
1654,100,14,16,1904,40728,1,0,700,20.3,0.56,13544
1655,100,14,16,1404,63700,1,0,600,23.6,0.26,54350
1656,100,14,16,1804,49970,3,0,600,20.5,0.44,26485
1657,100,14,16,1304,17000,3,0,600,26.4,0.24,10073
1658,100,14,16,1503,42300,1,1,700,14.7,0.65,24176
1659,100,14,16,1403,20281,1,1,600,23.1,0.4,12639
1660,100,14,16,1504,24490,1,1,600,25.2,0.34,11339
1661,100,14,17,1304,19694,1,0,600,21.4,0.38,18863
1662,100,14,17,1505,26530,0,3,600,23.7,0.26,19668
1663,100,15,16,1804,63700,1,0,500,23.2,0.88,30776
1664,100,15,16,1904,15600,3,3,500,23.3,0.87,92720
1665,100,15,16,2004,15349,0,0,500,21.2,0.91,89820
1666,100,15,16,1834,49970,1,1,700,24.1,0.82,27387
1667,100,15,16,1804,20281,0,2,700,21.4,0.9,15305
1668,100,15,16,1904,40000,1,1,700,23.3,0.82,22635
1669,100,15,16,1904,21000,2,0,700,24.6,0.77,11373
1670,100,15,16,1904,47816,2,2,600,27.5,0.7,30188
1671,100,15,16,1904,30132,0,1,600,27,0.57,20616
1672,100,16,13,1903,19694,3,3,700,27.2,0.83,13302
1673,100,16,13,1903,40728,2,2,600,26.8,0.87,88400
1674,100,16,13,1934,15454,1,1,600,28.6,0.74,13445
1675,100,16,13,1903,17000,0,0,700,28.6,0.64,12052
1676,100,16,13,1903,42300,0,1,700,26.9,0.83,17348
1677,100,16,13,1903,21000,4,0,600,29.5,0.62,10898
1678,100,16,13,1904,50000,5,2,600,27.4,0.85,12673
1679,100,16,13,1905,19637,0,2,600,26.8,0.85,10860
1680,100,16,13,1904,24490,0,1,700,29.2,0.77,23277
1681,100,17,17,1804,63700,1,1,600,28.3,0.73,39205
1682,100,17,17,1904,15600,1,3,600,26.9,0.76,81230
1683,100,17,17,1834,49970,3,0,600,28.3,0.75,15491
1684,100,17,17,1903,26530,1,0,700,28.9,0.65,19254
1685,100,17,17,1804,20281,3,0,600,29.4,0.54,11095
1686,100,17,17,1904,20000,1,1,600,27.8,0.48,16261
1687,100,17,17,1904,19628,0,1,700,27.9,0.5,13431
1688,100,17,17,1904,30132,1,5,600,27.4,0.52,18012
1689,100,17,17,1904,50000,1,1,600,25.3,0.66,15101
